cluster,,37m,37m,37m,37m,37m,37m,37m,37m,37m,37m,37m,37m,37m,37m,37m,37m,37m,37m,37m,37m,37m,37m,37m,37m,37m,37m,37m,37m,37m,37m,37m,37m,37m,37m,37m,37m,37m,37m,37m,37m,37m,37m
lv,,1.0,1.0,1.0,1.0,1.0,1.0,1.0,1.0,1.0,1.0,1.0,1.0,1.0,1.0,1.0,1.0,1.0,1.0,1.0,1.0,1.0,1.0,1.0,1.0,1.0,1.0,1.0,1.0,1.0,1.0,1.0,1.0,1.0,1.0,1.0,1.0,1.0,1.0,1.0,1.0,1.0,1.0
opt,,3H-T-H-B-I-solar+p3-dist1-cb25.7ex0,3H-T-H-B-I-solar+p3-dist1-cb25.7ex0,3H-T-H-B-I-solar+p3-dist1-cb25.7ex0,3H-T-H-B-I-solar+p3-dist1-cb25.7ex0,3H-T-H-B-I-solar+p3-dist1-cb25.7ex0,3H-T-H-B-I-solar+p3-dist1-cb25.7ex0,3H-T-H-B-I-solar+p3-dist1-cb25.7ex0,3H-T-H-B-I-solar+p3-dist1-cb35.4ex0,3H-T-H-B-I-solar+p3-dist1-cb35.4ex0,3H-T-H-B-I-solar+p3-dist1-cb35.4ex0,3H-T-H-B-I-solar+p3-dist1-cb35.4ex0,3H-T-H-B-I-solar+p3-dist1-cb35.4ex0,3H-T-H-B-I-solar+p3-dist1-cb35.4ex0,3H-T-H-B-I-solar+p3-dist1-cb35.4ex0,3H-T-H-B-I-solar+p3-dist1-cb45.0ex0,3H-T-H-B-I-solar+p3-dist1-cb45.0ex0,3H-T-H-B-I-solar+p3-dist1-cb45.0ex0,3H-T-H-B-I-solar+p3-dist1-cb45.0ex0,3H-T-H-B-I-solar+p3-dist1-cb45.0ex0,3H-T-H-B-I-solar+p3-dist1-cb45.0ex0,3H-T-H-B-I-solar+p3-dist1-cb45.0ex0,3H-T-H-B-I-solar+p3-dist1-cb54.7ex0,3H-T-H-B-I-solar+p3-dist1-cb54.7ex0,3H-T-H-B-I-solar+p3-dist1-cb54.7ex0,3H-T-H-B-I-solar+p3-dist1-cb54.7ex0,3H-T-H-B-I-solar+p3-dist1-cb54.7ex0,3H-T-H-B-I-solar+p3-dist1-cb54.7ex0,3H-T-H-B-I-solar+p3-dist1-cb54.7ex0,3H-T-H-B-I-solar+p3-dist1-cb64.3ex0,3H-T-H-B-I-solar+p3-dist1-cb64.3ex0,3H-T-H-B-I-solar+p3-dist1-cb64.3ex0,3H-T-H-B-I-solar+p3-dist1-cb64.3ex0,3H-T-H-B-I-solar+p3-dist1-cb64.3ex0,3H-T-H-B-I-solar+p3-dist1-cb64.3ex0,3H-T-H-B-I-solar+p3-dist1-cb64.3ex0,3H-T-H-B-I-solar+p3-dist1-cb73.9ex0,3H-T-H-B-I-solar+p3-dist1-cb73.9ex0,3H-T-H-B-I-solar+p3-dist1-cb73.9ex0,3H-T-H-B-I-solar+p3-dist1-cb73.9ex0,3H-T-H-B-I-solar+p3-dist1-cb73.9ex0,3H-T-H-B-I-solar+p3-dist1-cb73.9ex0,3H-T-H-B-I-solar+p3-dist1-cb73.9ex0
planning_horizon,,2020,2025,2030,2035,2040,2045,2050,2020,2025,2030,2035,2040,2045,2050,2020,2025,2030,2035,2040,2045,2050,2020,2025,2030,2035,2040,2045,2050,2020,2025,2030,2035,2040,2045,2050,2020,2025,2030,2035,2040,2045,2050
generators,coal,1926775954.7162795,3142703.024140083,424687.9880757115,1655170.7003378426,5166406.9189205775,3658530.353559317,2882709.053413627,1926786466.4895802,103474540.10978617,5142092.356817876,3250475.633694929,5303607.204628276,3510970.071152639,2873784.2120245486,1926790992.8639326,629997761.4807698,9577573.436280677,3678192.9782609553,5481346.850822764,3411632.702936723,1258555.4496317327,1926796034.325408,1388078700.3160694,29932919.2882308,11852926.999278193,6898473.558523007,4306315.2116383705,30479.51711593599,1926780494.006245,1594413736.2141902,283740935.82887644,13433160.645750731,8431350.28610862,4416454.059697228,18.504380744680113,1926786851.3978915,1687927312.0758843,762729225.7430856,35438022.62779968,9212311.15743713,5378563.4737987975,6.175947981988535
generators,gas,4117397251.658735,4188750721.8099513,708516473.9249868,556391513.607867,483941950.2187166,428859078.8809271,356897699.74664056,4117378806.634442,4652075193.995382,1940480170.9448829,766500851.8488669,564619697.5959377,467881288.3974311,342174357.1347579,4117370666.900088,4765333567.475617,4028649431.3392463,1778855541.2752109,1175086249.7798378,783657309.1015186,304350173.57707864,4117362326.973199,4345845177.573616,4564810843.563428,3164606676.2415314,1769474379.8242698,1440350203.094687,324029134.85009575,4117388885.839603,4531707576.807259,4796823718.610296,4368981327.257239,3010061564.091034,1879480003.0598872,331640889.8633644,4117378136.237779,4783054739.217906,4815296363.736874,4695545316.548391,4123183136.329279,2926916063.3350224,345011043.6531769
generators,lignite,1331233348.7629611,21597815.31192108,179.23612243787562,8.827939061525843,1359027.963736519,220625.62363451163,610582.1587737375,1331234858.5445838,519487122.0779717,211763.94634096904,326.3123855940325,1415897.9615057325,201188.97780077136,295304.3035240406,1331234211.162002,722637085.8552284,23649162.43528709,2238.84106834448,1936846.97396025,228410.87810919457,18.458544245860875,1331234739.9283876,724658994.8389933,101219362.8167991,3397838.673078393,2975788.0255072243,276229.7662191456,3.517531551118191,1331234783.884427,730081226.6133806,391743094.23973227,45729141.7518689,3483141.3828783194,305295.00760343845,4.961873062223137,1331234606.6936922,730295176.976037,445253525.384688,114827394.71824674,14128229.352386536,684114.6795326398,1.8549791312359922
generators,offwind,15079938.522522304,14604160.839904794,13973901.941596348,13716216.814813802,11886513.40495781,5771125.863947069,,15080102.644133748,15067535.407264136,13845963.105464265,13596918.621338114,11670722.061376667,5895234.506522824,,15079981.924084255,15158450.168688508,14308164.163194254,13408079.37762737,11607860.357267808,5845125.077903157,,15080163.426988445,15159090.729028814,14582114.60269089,13463260.579289671,11458512.210970765,5801643.638167502,,15080152.54918135,15181645.544881664,14799432.50741439,13630956.127319511,11413491.698475914,5733722.44393272,,15080063.680802934,15195338.69497935,15067735.168889636,13669715.069394855,11383999.17242343,5694869.41582246,
generators,offwind-ac,5834.4033476085015,27293191.86448143,531977304.9294792,1066789431.4194111,1088481876.5795002,1088482814.4069014,1088505396.576262,3918.8815565938676,11255120.867245898,141072747.73348668,459313477.6762283,746617564.8750385,833966962.977482,833863555.6483592,4904.429386601095,37272.088676201936,54028593.67336873,219462205.8068759,456156310.0028472,577175390.1908857,777477451.2938743,4134.186706374823,11628.792004147419,45523182.18288289,96732996.83457196,214679027.41403332,402949331.60819584,808021904.0008628,3849.705906066,5922.77865857773,15722456.932940774,81082977.5532463,108659519.99168539,196776344.9977281,801021697.1531034,4287.321256823671,3242.25957032113,46192.107392634185,73534202.64351358,91299703.26039726,123629303.72105792,800917101.3424404
generators,offwind-dc,5331.805760988552,415216052.0014574,1494819555.2735934,2261599772.765239,2262583587.2355847,2262674884.0490055,2262774413.441232,3568.62970365864,317793923.8908879,607168942.7822082,1255008844.4889503,1548734042.8447359,1548925518.1122377,1547716764.881465,4504.385197495779,139415526.27805576,462327063.3763879,698095619.6201584,1133796334.3259957,1191938972.592958,1220354490.8052344,3737.0701344044674,126457937.1149834,384076707.4009017,527939627.31750005,700195971.0750769,978971798.4587123,1195448285.6462843,3487.750660425872,6846.868791525032,302665908.3597198,486973567.96428764,558031621.5192232,668698315.1510469,1180033367.9478476,3915.0656427664335,2834.3734270510645,205226144.26491442,422831360.6632432,504056732.5263335,550205968.4097924,1187460585.1009848
generators,oil,5133799004.866107,4765783973.294804,2721762275.1068163,795859386.3984141,126127588.77132499,0.3335797300975692,0.22379062581887554,5133796993.796392,4764791581.62441,4076028030.6101236,2186536295.324206,939935262.3987216,369615198.2427762,1.0308714130507861,5133798412.547989,4748347684.448781,4152036246.809405,3037462475.4858627,1663664898.2473104,870922237.0123664,1.1827248421801528,5133797327.274043,4748615526.378468,4153323751.387083,3375143847.3602595,2421128277.2335753,1344922858.8117695,4.588933372048309,5133797145.956267,4751651045.089716,4140427662.1709795,3380067186.673285,2623603926.321723,1973266211.593699,6.391199470615767,5133797426.151223,4753964605.54306,4140640410.3835945,3379408792.340194,2623608587.765609,2115343414.5363052,3.266763834924411
generators,onwind,584885877.8411429,863965890.1238669,2364601109.5585227,2551057111.074295,2565924354.527004,2553241019.966764,2033427654.4583724,584891763.0873731,686489602.3739337,1488186929.1836224,2346214480.5862026,2490380997.8499227,2505128375.1575856,2400323738.906073,584889489.9758583,666244714.1414285,913707009.1444997,1894364936.6508162,2234254959.7110395,2390166702.2138143,2573092139.611211,584891544.0393507,666046151.4984342,797836362.3527769,1185678832.2671034,1821839404.3472514,2124368438.6136591,2537329850.3273745,584892014.7012019,644491553.3023698,717041721.7046661,913659042.0217588,1303366572.0856454,1737453466.8227086,2520919910.4946737,584890962.4649318,585131301.3733373,694034571.9774641,821632031.2189355,1097769558.184739,1359235792.0481768,2514546089.7758436
generators,residential rural solar thermal,290.19978476831255,93.31140969889164,402.775942798222,34.815067527707924,15.687133102296421,3.773224113543615,1.9754580431134594,192.96888279864132,999.6481608961979,27.444385743267905,55.99317850212307,21.099315108267266,18.582300711723303,4.6153317636460125,250.7593201217426,283.78490531789373,170.7847803852025,46.90467420007985,46.32053695064493,15.980584236699826,14.101572290770198,238.96448462851288,94.54013082971353,109.0404690309979,66.55329945845571,78.13600272254867,45.76813582727995,75.97066990492071,198.26440362584194,107.09480448014013,80.50210654854007,436.74869560093737,43.17518641225187,17.014339605244153,70.32666608230973,209.56228663774397,66.00393398858733,99.23629211949874,273.5989799039594,63.92601779485696,356.98344242192485,33.374318189099505
generators,residential urban decentral solar thermal,105.85520525466018,34.38308134321066,179.62981562232133,15.511380582469279,6.872876940968964,1.3009015576397074,0.8043898847301677,70.08541049378105,383.68735089677705,12.1569995594601,27.177487787619143,9.755619870554387,8.189974624856474,2.0714914519430554,91.65556363390381,102.23973705728348,65.14943071033255,23.152683492491995,23.887349597985754,8.197799545929103,7.763434554226649,83.76757810236894,35.339322037369215,40.40711071472104,28.915503275852373,38.5759131047349,24.965902533513315,40.8363849421337,69.64920338479526,37.673551595770014,30.405218535613237,187.8159444082281,21.617753783070903,8.775200456464214,38.33442534470873,76.2887915318247,23.643324085425363,37.056995595665015,128.91850691351087,28.743054534187248,171.1055988880893,18.582510033747546
generators,ror,140199167.82996684,140171161.4143671,140009884.20740628,140112443.25633085,140140052.70448297,140177033.61500838,140192464.5215431,140199253.15707567,140196264.85371757,140053785.59252372,140098501.22946745,140140562.49878538,140150691.6468404,140160779.6023655,140199201.97187757,140198784.9471922,140142892.6875655,140102445.96449557,140111462.1946004,140131465.9436783,140105538.07230905,140199246.23542535,140199169.91113153,140161074.85705766,140111956.82433593,140121909.3188545,140121873.8726739,140135013.6745205,140199265.51780227,140199187.0497346,140198664.02588752,140134855.67158973,140119479.88917083,140132736.62649763,140127580.53012633,140199236.0960385,140199191.35183078,140199054.4856278,140154751.522156,140136115.55344275,140111727.81307602,140113970.27359566
generators,services rural solar thermal,281.79889122079805,89.57948830936385,381.54530906997604,34.05624575294268,15.713815887955118,3.816173329089787,1.9891149577865295,187.71483760185828,957.9627163908034,27.447227858875003,54.12407416703128,20.593366373337933,18.806587836791827,4.6168422673343725,242.8385498323701,274.6259602852789,169.54063497857516,45.724541326336634,45.32254652497902,15.504909508025005,13.697998998556102,230.93176959704203,90.50624397111045,108.55174484687396,66.63911727366005,76.47495714332496,45.58743301397376,73.08002763137699,193.89235918272632,104.10344440287862,79.90517072122337,430.4947863808197,43.23972319850745,16.913535783367532,68.10570816024448,203.8746715145787,64.2721672050656,97.98518533382335,271.1093072109557,65.32484980507756,350.4077302860378,32.503221725734925
generators,services urban decentral solar thermal,125.78099975055795,44.810360483331976,246.56290715345756,21.486889498589267,9.076615591801017,1.8148133078036632,0.9670262970817602,84.66896070883516,476.8084970869855,15.878489955472393,35.502584363479656,12.566681546364315,9.92895938386819,2.3842021442419314,105.96797380074568,134.70332945469517,88.6069845848809,29.200033308597213,28.527730201269975,10.003322399325082,9.491662244586216,92.42174865243996,49.336466402324774,53.34546815575524,33.64385123416617,54.062910385930735,30.754752544051016,45.41067793371997,85.40439425144284,47.43724656173217,38.69396601717283,252.888814245528,28.52587093268965,10.977547531342468,50.477699962902264,92.24378633103527,29.674709033373,45.83307028811869,152.27896420223655,39.66830038640536,202.80430092649414,23.591203835785368
generators,solar,71973873.03902595,399879115.08257246,1401459423.9364612,2468216234.3334475,2531466696.6672635,2533910630.4432263,2533485870.6778774,71975514.65110171,351615641.24865377,783487004.9155608,1484377821.2711675,1979755301.079813,2086867145.220541,2083265865.3438702,71978732.25651497,275832328.15854406,512970714.86697865,938157492.062539,1509858036.9978783,1788662856.1194484,1939274013.356624,71979171.08453937,272797393.66097564,483184346.50199693,648634282.0684057,1009916517.78335,1404131131.7223103,1941700073.8243937,71971402.1011227,246536715.68383652,411448738.9330406,529560508.54409504,781174965.9719068,1030968743.1985335,1970138816.900959,71976367.7597309,144420209.7094972,380382069.0705931,488723294.99949515,625689875.1918616,809790703.7293998,1983846082.786468
generators,solar rooftop,7585023.504339288,15888487.085238026,129771134.45394464,291776174.9249457,423825901.1982852,423831263.9017645,438020732.56581753,7584034.6332554,7661877.34343384,82551344.79492892,230001644.68605876,411249047.8782696,612351900.9198923,690762240.8120798,7584491.058742932,7591530.518948249,66915384.22634867,195254479.25247967,362944540.9708095,572628310.1251174,948134111.2062362,7584087.3655307405,7583745.204104718,66532667.358113036,174744405.66466004,315556603.93279594,529600628.8206839,935398129.1900947,7583784.391934393,7583258.587362748,59118159.15788278,154437608.43258736,279958831.3800036,506148038.17012656,919150310.7517593,7584189.5390387075,7582050.293423079,47980162.259121664,150660534.81952712,247160640.30002052,458093158.5591092,880219285.3925413
generators,uranium,3459936692.443835,3397008655.331157,3362631265.4842,3405586547.438842,3456632993.068509,3170280306.9367204,2878250669.9088025,3459936384.7592106,3439536960.164653,3300510803.454723,3381672186.83936,3428757749.5268903,3311278882.721239,2865429644.614271,3459936698.742459,3455060189.6514626,3361408383.3867154,3349515540.9140177,3406582393.8564568,3287750823.5142894,2846630725.4907303,3459938088.7661986,3455319628.9186153,3391770251.948041,3348666359.510403,3361396837.5452247,3241414316.155657,2837545813.263174,3459936183.4168787,3458616130.789042,3424689862.1426167,3374754401.613771,3373612745.9398394,3245654545.9554205,2830336116.591985,3459936478.770948,3461955271.182148,3440432249.5121565,3396475597.5324063,3388337805.4071355,3245134020.329957,2828947463.5510654
generators,urban central solar thermal,568.1880146952683,175244.68644356678,2098425.7685575206,2063379.2984386329,2108579.287777635,2099883.753389864,2081461.276026579,378.35538914908324,4196.852834725673,135348.87690098572,661585.1316763352,639988.1236771651,658640.5025609556,693904.1737365373,477.05677836821326,740.1927843723716,162329.45780324945,314609.8136642379,175120.52286048478,147048.17987598898,143034.60773224843,419.6657098259878,254.10216118330516,133374.06510696578,133262.478596262,141682.82164193442,133784.91884443146,770846.21815185,380.25844292425205,211.86572819634043,247.37809744020183,70811.42132452606,66838.44865405108,91961.29996109285,1024735.5570847134,415.7933131875745,122.25593125084724,207.8477917154168,2393.962054469494,59088.828732193266,59743.61973914723,1182840.2341312866
lines,AC,0.0,0.0,0.0,0.0,0.0,0.0,0.0,0.0,0.0,0.0,0.0,0.0,0.0,0.0,0.0,0.0,0.0,0.0,0.0,0.0,0.0,0.0,0.0,0.0,0.0,0.0,0.0,0.0,0.0,0.0,0.0,0.0,0.0,0.0,0.0,0.0,0.0,0.0,0.0,0.0,0.0,0.0
links,BEV charger,,-12701915.791234955,-31744402.8696512,-53547796.03073311,-68590960.5457828,-79881817.01802862,-92304645.17128336,,-11295813.604955941,-30056697.11203438,-52406086.86665952,-68814947.78603864,-81287403.69705749,-93376436.23059046,,-10871984.671491146,-28751310.160876065,-51771761.514401495,-69062911.08133292,-81745504.03430808,-95530913.73227727,,-10836655.991411656,-28219249.083346277,-50692007.98323107,-67811085.9474107,-81624404.30906582,-95979376.30335152,,-10740562.910395578,-27390850.830026656,-49919008.74319744,-66829447.164259315,-80765334.27806032,-95877245.877321,,-10722533.097313285,-26856519.638987273,-49366429.74612087,-66233296.7675786,-80173803.21785498,-95612539.28497183
links,CCGT,-160631338.4191137,-217327158.56745636,-10920581.36659254,-5823625.620727084,-2868704.6224096525,-831380.5827084146,-619795.6816593374,-160628346.60422006,-271558923.11306906,-43661294.19546959,-10202734.693302898,-3750512.5124615766,-1176131.8244428933,-811958.3290270575,-160626843.1395617,-288265524.46601486,-148841520.7347054,-31763082.907329895,-13952717.870447256,-8803458.517473247,-1830699.3542631317,-160625005.75200766,-187225202.1945813,-181512609.24859565,-83970885.04783063,-25611526.362169053,-16649212.106086776,-1627017.39730603,-160630426.98270357,-226472605.12258717,-206165544.66399437,-136164872.72410202,-44117507.972896576,-20050221.14324725,-1451815.9314476554,-160627963.93661666,-277010849.1571322,-193694893.969961,-163642662.05905333,-69835378.35422789,-27844844.175606117,-1308937.9270320025
links,DAC,-308.61857182471397,-100.05989044227331,-4483.983486493104,-620726729.2574654,-592077085.8148606,-561530111.6884605,-350171676.6540812,-200.99797937793875,-2332.85900697497,-50.79366174138282,-274.17001932396033,-182925353.74042335,-220197086.39029002,-190001935.26316413,-265.65558724695325,-608.5679399450867,-270.1411807768216,-73.48800995070556,-137.99666649254422,-114.64775123996003,-45039331.52777716,-241.50047313360494,-158.9520797370081,-188.24010801256145,-104.10560696232326,-137.70544366123028,-98.60505609372552,-81225198.52886447,-223.5808876265438,-141.5885951654803,-166.8551546981154,-642.4077059055901,-60.728352002660564,-25.76324480742254,-97313721.24486211,-224.03844706868864,-92.93510138366264,-143.9879049400175,-433.2918518725437,-69.689535740026,-985.8028494007017,-102678316.26281449
links,DC,0.0,0.0,0.0,0.0,0.0,0.0,0.0,0.0,0.0,0.0,0.0,0.0,0.0,0.0,0.0,0.0,0.0,0.0,0.0,0.0,0.0,0.0,0.0,0.0,0.0,0.0,0.0,0.0,0.0,0.0,0.0,0.0,0.0,0.0,0.0,0.0,0.0,0.0,0.0,0.0,0.0,0.0
links,Fischer-Tropsch,-947.7154127793222,-346.9846649636806,-468222978.7788752,-872216137.6360623,-848566012.3134131,-717583743.4211771,-468525701.8898019,-638.4794672051796,-16726.330235314876,-16334134.480468173,-397403688.88221765,-582881078.2506673,-608101313.2438669,-479238663.40939283,-790.1254261033563,-5256.984224815145,-492.1042668075597,-109673022.36186138,-328018845.7641258,-435431902.1080291,-486009082.7628237,-686.3941469615871,-1969.8656754646206,-845.9067588921541,-264.77065161988685,-67312968.44975537,-262361803.85269076,-486618674.97675383,-650.9516069729373,-1860.2134668481133,-1284.1584311552883,-2089.284132205983,-211.68063801196797,-47698603.3592466,-484919113.28565454,-691.1514191489503,-1730.9026341402973,-1581.4674172929244,-3997.268816091544,-183.45778727813263,-458049.3462399677,-482540890.1107235
links,H2 Electrolysis,-293.14701118241044,-462131.7919347206,-939837886.7753732,-1593090603.2004647,-1625898585.6042953,-1560991541.7271948,-1390935369.8858747,-192.318869309685,-26064.553931335722,-142453951.14771712,-798308431.6853988,-1110269957.095533,-1174266263.14675,-1099752457.6834908,-250.45415910391523,-1536.1380192136353,-6028333.020031974,-325061005.35828996,-718726258.7528594,-886348309.7371583,-1013036609.4864392,-216.61374287454657,-515.6629302042288,-1097924.2139381976,-59655379.37323815,-316044181.8249912,-621236734.9427044,-957401845.2907152,-198.35491299019037,-476.73202716834817,-221213.47968714108,-11454013.860220417,-114753109.43774742,-310964877.8142731,-926793740.370039,-213.34638444603883,-435.16562715712314,-153327.82794593734,-5158393.990866123,-53300320.36376402,-137911260.5804991,-915398080.561028
links,H2 Fuel Cell,-85.33539404659047,-31.019232141235037,-115.60251657674314,-7.436056520183442,-4.083715189814654,-2698920.483840972,-2751815.688382935,-55.16594776449517,-624.2853649399317,-9.557417043328634,-18.053599467018742,-8.833219222534666,-9.425730694810738,-170897.12987199938,-74.89284038265436,-170.9885325724739,-57.196761876567194,-14.124042806581976,-17.825304577649405,-4.892426736683788,-974417.1700615978,-71.13832231298869,-77.0143920883969,-41.7457106806888,-14.094924856573321,-42.03270028787381,-20.760733452395385,-805088.5201468843,-64.3207850342485,-57.43418889116626,-75.70668180854119,-170.88169366938894,-20.186543214717318,-7.9211901693477635,-759011.3608494437,-61.851745022953054,-43.70690779054706,-83.24662458577978,-147.5545243184422,-29.427368890123105,-164.96444083506242,-747570.7906953652
links,H2 pipeline,0.0,0.0,0.0,0.0,0.0,0.0,0.0,0.0,0.0,0.0,0.0,0.0,0.0,0.0,0.0,0.0,0.0,0.0,0.0,0.0,0.0,0.0,0.0,0.0,0.0,0.0,0.0,0.0,0.0,0.0,0.0,0.0,0.0,0.0,0.0,0.0,0.0,0.0,0.0,0.0,0.0,0.0
links,OCGT,-613638.0792789934,-10552330.907083534,-1016565.476020536,-1152455.2972105322,-1474006.586741298,-4838327.334994938,-8073494.600608593,-612883.5734643631,-687881.5734217413,-3462375.327173244,-1823399.0595758262,-2019751.69187838,-6330830.643182322,-8168047.333945099,-613320.4255965305,-743135.9891442445,-8724205.424244266,-2107557.428248098,-3028504.9668850005,-6349551.911215754,-4724140.887470359,-613028.4817138806,-744769.5610782278,-1722886.4530867813,-5612005.465441357,-4187017.9584949175,-7417948.064550813,-3727617.992568692,-612884.0387198038,-892225.1740156568,-3522373.521065283,-8516627.366244145,-9178835.801533207,-7381519.041270204,-2382317.8710433776,-613014.5907050131,-1571206.5134165091,-6625080.467718624,-8082554.277694629,-12777248.027176397,-12321956.224054942,-1705679.9118512566
links,SMR,-9414527.677381165,-13061938.830782011,-243.93083117032677,-67.19134823237758,-354.8587054647867,-968.871742355328,-1009.7600105558126,-9414460.171239514,-13137820.985169157,-1970198.1064727632,-1434.4182376008175,-479.7543343731634,-2461.425730879868,-1423.2770771955666,-9414495.94927403,-13138971.923105165,-20496843.591436222,-2879496.325582238,-6620.453113794385,-6918.655859326944,-228.7311178924915,-9414481.1489847,-13138394.272771612,-21346577.95644574,-19619496.98820351,-3865143.245619327,-3289485.5465898234,-87.30078617271101,-9414470.413070593,-13138351.22383082,-21497797.123464912,-28731118.31484388,-24725737.919315353,-5661286.394460823,-156.24416012899837,-9414472.273505472,-13138308.909051389,-21509569.050826117,-29922209.820064858,-37473970.56692876,-28697535.253006697,-274.6453379412528
links,SMR CC,-291.51333798477873,-302.9914221082009,-189.07889912028674,-10.086225178456324,-5.1732160133230405,-1.1027218928820823,-0.44023747427044546,-195.386899504822,-3448.8260201225175,-29.24944863560583,-30.927622719828854,-14.454028594645575,-9.235983021332483,-1.2671011508255337,-244.8872670839931,-1169.0807337862548,-618.4902969592883,-43.86334651494568,-35.04276785388392,-9.946943780396753,-4.20279731653862,-208.83347032464587,-447.8895000859021,-251.18306947167707,-123.13925961670364,-76.05357224772997,-37.22684854238927,-14.25800501367939,-196.31250712541532,-437.52631148854744,-238.56840119512054,-1458.8730629589381,-77.12726751634801,-12.486397146625904,-12.462259831425396,-213.15637885962775,-419.36612240576585,-303.24004078504504,-858.7452269417774,-230.5528331498632,-613.1040246337632,-4.2383795643149735
links,Sabatier,-183.20596051034346,-43.19326560346848,-245.9609448628156,-17.792579727976232,-9.211081193163075,-56263644.34946388,-151805123.6710256,-119.22616735819508,-689.2922271702314,-16.012675282518245,-37.802864269535334,-16.857384611025527,-17.316983336792898,-10.460461942988928,-158.7461505546969,-173.30867252301346,-86.64672484621363,-28.450353430985416,-32.00317955124333,-10.021525655637207,-167.70883777083267,-146.22691022410757,-93.4535273347604,-58.273028410369136,-43.89254085308314,-81.89191043048876,-53.48587647861599,-387.99526723717594,-126.24968563129958,-79.87819817567217,-69.3617385677711,-203.67889079198858,-36.81542372898613,-11.721791083196418,-450.50179889913363,-133.36496263320856,-48.572564525847035,-84.12712067594327,-137.1323120173584,-28.65050090125837,-230.81221936561911,-155.45161413582343
links,V2G,,-2246639.5545002557,-5607250.938813306,-6860135.468567781,-6621356.545678645,-5761025.781607561,-5000961.064684048,,-981147.5869391356,-4088315.7568793967,-5832597.220878877,-6822945.06190455,-7026053.792752504,-5965573.0180618465,,-599701.5467529511,-2913467.5008834824,-5261704.40384905,-7046112.027705491,-7438344.096272238,-7904602.769581571,,-567905.7346637668,-2434612.5310710557,-4289926.22581289,-5919469.40717797,-7329354.343554996,-8308219.083574206,,-481421.9617471453,-1689054.1030914988,-3594226.9097955264,-5035994.502306983,-6556191.315645933,-8216301.700162485,,-465195.12997049466,-1208156.0311547238,-3096905.812414244,-4499459.145304799,-6023813.361600764,-7978065.767008662
links,battery charger,-165.66376130272693,-47.533332485892515,-2807481.689406574,-3727440.4680707455,-4622095.755908936,-4640750.426161379,-4783324.1251479685,-111.06528705413803,-523.9909392786976,-2253572.7995116264,-3355561.9263136387,-4982767.846877873,-5312507.142940015,-5565510.009775579,-139.27297151044422,-182.56147401712587,-282981.92904609814,-2255133.416232392,-3483004.346978605,-3890874.6060276926,-5495246.926964372,-120.17473129413975,-68.61469523138476,-175099.05804854445,-1250071.1487556323,-2858558.199082434,-3131872.9563715756,-5345974.281915337,-111.78017992202876,-69.18866191355482,-1745.023934744895,-129876.01791134104,-1963180.3112316728,-2952968.670525968,-5529012.134845018,-121.53917635823836,-48.64568523028038,-171.27173734511234,-6757.299062124512,-816800.9629888982,-2184737.864800796,-5626245.908742785
links,battery discharger,-161.46899011957157,-46.572969059611296,-2750759.329354167,-3652131.2608543932,-4528710.933256447,-4546988.70455116,-4686681.844523996,-108.25300348692235,-513.4042268238263,-2208041.614669889,-3287766.153154522,-4882096.005299568,-5205173.248624742,-5453064.445537835,-135.74644143349633,-178.87300213190247,-277264.56215186603,-2209570.70069097,-3412633.7271528244,-3812263.3754882812,-5384220.958052814,-117.13179042296724,-67.22840397388063,-171561.35667979065,-1224814.7112662047,-2800803.8892284334,-3068596.5951617956,-5237964.217524469,-108.94979524073915,-67.79077422345063,-1709.7674712700828,-127252.00284569897,-1923516.216223359,-2893306.89150694,-5417303.9736736715,-118.46168352207587,-47.66284782790308,-167.81136326032993,-6620.774592016416,-800298.3163326681,-2140597.4209818393,-5512573.236403227
links,biogas to gas,-2.85028673644462,-2.733023372754875,-70422222.2114457,-70422222.22173522,-70422221.46972017,-28593512.24748867,-0.6140193346526136,-1.8905494197288946,-22.66845647351108,-2.46626357274154,-70422213.16636409,-70422220.98730867,-70422221.85197948,-70422222.21199127,-2.429610148319604,-7.8733167558336286,-2.9310213868655146,-3.7640138843572277,-16.360090728631956,-42648821.48699591,-70422222.22202502,-3.10686989228198,-1.8670225568842493,-3.5647195577822606,-1.4423421115735848,-6.219204704087556,-1.4648084192037991,-70422222.2217363,-2.067567573598466,-2.0952513363140985,-15.361602546831117,-12.403753687229115,-1.957811655123935,-0.9640035328871792,-70422222.22160608,-2.058485807230499,-2.019986124848047,-1.846691641263615,-8.600447747381004,-1.6465594655681597,-23.31791621992076,-70422222.22182027
links,co2 vent,0.0,0.0,0.0,0.0,0.0,0.0,0.0,0.0,0.0,0.0,0.0,0.0,0.0,0.0,0.0,0.0,0.0,0.0,0.0,0.0,0.0,0.0,0.0,0.0,0.0,0.0,0.0,0.0,0.0,0.0,0.0,0.0,0.0,0.0,0.0,0.0,0.0,0.0,0.0,0.0,0.0,0.0
links,coal,-635836065.0595365,-1037091.998336334,-140147.0373737483,-546206.3315803905,-1704914.2832969823,-1207315.0166996412,-951293.9876298094,-635839533.943514,-34146598.23990049,-1696890.4778811112,-1072656.959330387,-1750190.377568346,-1158620.1236717144,-948348.7899766952,-635841027.648004,-207899261.2894153,-3160599.2353149615,-1213803.683141416,-1808844.4611788313,-1125838.7921369132,-415323.2983964004,-635842691.3393364,-458065971.1045519,-9877863.3655877,-3911465.9103007065,-2276496.2747974945,-1421084.0200635826,-10058.24068676883,-635837563.0263684,-526156532.9509045,-93634508.82394189,-4432943.014865848,-2782345.594592542,-1457429.8398396014,-6.113425803708382,-635839660.9635422,-557016012.9851668,-251700644.4955716,-11694547.46863362,-3040062.682334225,-1774925.9490804547,-2.0355699707263946
links,electricity distribution grid,0.0,0.0,0.0,0.0,0.0,0.0,0.0,0.0,0.0,0.0,0.0,0.0,0.0,0.0,0.0,0.0,0.0,0.0,0.0,0.0,0.0,0.0,0.0,0.0,0.0,0.0,0.0,0.0,0.0,0.0,0.0,0.0,0.0,0.0,0.0,0.0,0.0,0.0,0.0,0.0,0.0,0.0
links,gas for industry,76053988.7554476,76053977.07874937,8868775.216670655,2.9165936723776933,0.9029652906958994,44003980.924137704,76099999.33828674,76053992.45262569,76053838.88283077,76055997.05586572,18590150.83510013,1.4698305114717667,1.2577055273111877,56208565.636630625,76053990.54757488,76053930.13441461,76055911.84579687,76065995.52608712,59998056.651826926,1.55177138904578,9988.163919301835,76053992.0436528,76053972.45183441,76055988.94278109,76065991.42050841,76077991.44744414,76089992.76128468,23675291.637333516,76053992.47528729,76053969.38943985,76055987.63230805,76065905.40843438,76077992.30773859,76089996.75137253,33845667.8060397,76053991.82792722,76053960.04520862,76055981.56802426,76065947.49800782,76077978.4920625,76089917.58415994,51832377.86240541
links,gas for industry CC,9.678654128542874,19.7286447113162,57827218.94503471,64904700.566195644,64913150.02777521,27051664.120685264,0.5198263670078958,6.496538228672243,138.6721741313047,2.5338148950369117,45815369.96164267,58915383.16577373,58923834.13602561,14127732.489006525,8.136191926925324,60.133056908997105,75.87307444064237,3.5667282728273353,11323824.6146074,53584131.40370191,53584140.83101009,6.848536188443927,23.710973514499777,9.516647121294135,6.839382910698076,6.023211489443065,5.097893376231405,36918550.649862655,6.477033724831216,26.34673892942989,10.644555066115078,75.40165817535798,5.417374446573756,2.287992192478033,29756363.974077865,7.034208511713521,34.389203967804605,15.864009716501904,41.85105539398069,15.146655695952905,58.03916040498548,17089755.289206743
links,helmeth,-136.78758991395645,-38.14467671519063,-496.51342485916234,-40.84666324361858,-15.545536408754673,-18.370021834713278,-9.351759189742824,-90.03691962196777,-592.8388677236236,-19.27504838169252,-55.806660677039176,-21.72584696316749,-17.867850544865686,-8.38442300587121,-116.84959904679765,-157.25934334958202,-97.83601751087065,-47.46951227845358,-44.22142266442577,-15.31563496335719,-102.5092557862867,-104.41046290281935,-61.13507566658797,-67.8567537341811,-54.13963461312059,-75.6616012226591,-43.098127361273754,-327.72968587203684,-96.4254992457216,-69.34547328433578,-56.19688986650576,-283.92441641610316,-33.495268697550344,-12.849925035771154,-407.64724580997665,-99.81438666040506,-41.54441554140111,-64.72903002701788,-137.6922837359043,-23.55973843351578,-299.13395911420054,-123.11071453429196
links,home battery charger,-132.4008123212261,-29.412404602828474,-344.3253146838251,-5124.824622216343,-20221.86256437667,-17876.085301403422,-18979.69332504028,-88.7421913056437,-335.68027546084886,-1393.7705402126303,-4239.35260306776,-4288.743979951745,-3878.119864654931,-3570.9138950424676,-111.44732318695424,-117.6205591114649,-66.70855784962669,-486.0440046515614,-5038.597631629993,-4352.781968618656,-3204.8074506509874,-96.56853092290476,-39.239072355170265,-57.360704172339865,-57.97292814825232,-3384.6263453343417,-2527.531950180666,-2137.379582928188,-87.54967644076623,-44.27589251001791,-64.67671263817601,-196.01985019194217,-3192.3246663397877,-2447.0358283069654,-2008.5383044213522,-97.27407834731866,-31.93239410860383,-63.396145045773665,-149.9049587945392,-1719.99136620012,-2213.679675521824,-1212.6126956661901
links,home battery discharger,-129.04829226923084,-28.818156403496232,-337.36856643553074,-5021.282665702427,-19813.300053165178,-17514.916873995564,-18596.22760110302,-86.49515084587756,-328.8981916577686,-1365.610800223265,-4153.70072312298,-4202.094196604157,-3799.766331074701,-3498.767150723608,-108.62536635120432,-115.24415347100239,-65.36077838991014,-476.22397163459027,-4936.79780530007,-4264.838361859904,-3140.057520954724,-94.12332265133409,-38.44628618225647,-56.20178856670191,-56.80164324452835,-3316.2433548663685,-2476.465694766477,-2094.195966026775,-85.33283233812335,-43.38134241294074,-63.36998443926768,-192.05946534112445,-3127.8269388135523,-2397.5959165094246,-1967.9577968020603,-94.81100205789699,-31.287232040049275,-62.11528942782343,-146.8762791496565,-1685.2406607270386,-2168.9544923038775,-1188.1130688016056
links,lignite,-346120670.6793387,-5615431.9811355695,-46.60948593454644,-2.2958442683743447,-353347.27057715633,-57362.662133466205,-158751.36128124062,-346121063.2221885,-135066651.74081066,-55058.626009085405,-84.84165439998768,-368133.4699841741,-52309.13417261794,-76779.1189201399,-346120894.90299976,-187885642.32253307,-6148782.233378518,-582.098944948661,-503580.2131675123,-59386.82834472842,-4.799246406021725,-346121032.38507175,-188411338.6581927,-26317034.332422256,-883438.0550549878,-773704.886613416,-71819.7392595696,-0.9177572764655322,-346121043.8112711,-189821118.91952556,-101853204.50241566,-11889576.855585698,-905616.7595571731,-79376.70199679793,-1.2945029650720223,-346120997.74104404,-189876746.0137956,-115765916.60010183,-29855122.62677756,-3673339.6316511743,-177869.81753219268,-0.4855396509881076
links,nuclear,-2318157583.9434214,-2275995799.0722027,-2252962947.8783884,-2281742986.785564,-2315944105.3562174,-2124087805.6477518,-1928427948.8389225,-2318157377.7924204,-2304489763.316734,-2211342238.314722,-2265720365.182778,-2297267692.1831884,-2218556851.4242086,-1919837861.891638,-2318157588.1630654,-2314890327.0681143,-2252143616.871624,-2244175412.412962,-2282410203.8858547,-2202793051.7553406,-1907242586.0789862,-2318158519.4952874,-2315064151.3760223,-2272486068.8058968,-2243606460.873489,-2252135881.157412,-2171747591.8250847,-1901155694.8874917,-2318157242.8972096,-2317272807.629172,-2294542207.6365995,-2261085449.0839376,-2260320539.7800665,-2174588545.7906675,-1896325198.118229,-2318157440.780812,-2319510031.6923337,-2305089607.1742306,-2275638650.348612,-2270186329.6237364,-2174239793.6275764,-1895394800.5794687
links,oil,-33808.08364457848,-5413.494152994416,-1388.1400739211251,-1.3217702735629766,-4806.740811896938,,,-33741.14369477178,-7625.769396211678,-1810.3638536296162,-4.377495279904599,-19502.562948523766,,,-33777.28515527923,-8609.5056724971,-2378.0283920100023,-3.9937826947715,-10401.494292282676,,,-33755.87152820488,-8546.586703235207,-2366.1492605750464,-2901.2138931795025,-11218.162782904252,,,-33739.338554706876,-8862.407347999355,-20363.098048960626,-13366.094327058081,-22931.135474334867,,,-33754.82664849053,-16749.28485198821,-21227.569919815527,-13700.858300077512,-23843.01082997582,,
links,process emissions,0.0,0.0,0.0,0.0,0.0,0.0,0.0,0.0,0.0,0.0,0.0,0.0,0.0,0.0,0.0,0.0,0.0,0.0,0.0,0.0,0.0,0.0,0.0,0.0,0.0,0.0,0.0,0.0,0.0,0.0,0.0,0.0,0.0,0.0,0.0,0.0,0.0,0.0,0.0,0.0,0.0,0.0
links,process emissions CC,-3.907985046680551e-14,-5.960464477539063e-08,-5.960464477539062e-07,-1.1920928955078125e-07,2.384185791015625e-07,-2.384185791015625e-07,1.4901161193847656e-07,2.3092638912203256e-14,4.547473508864641e-13,-8.940696716308594e-08,2.980232238769531e-07,-5.960464477539063e-08,5.960464477539063e-08,4.172325134277344e-07,-8.881784197001252e-15,-1.4210854715202004e-13,-6.556510925292969e-07,4.172325134277344e-07,-2.086162567138672e-07,5.960464477539062e-07,-4.470348358154297e-07,3.552713678800501e-14,-1.4210854715202004e-13,9.237055564881302e-14,-3.8743019104003906e-07,-2.682209014892578e-07,1.7881393432617188e-07,-1.7881393432617188e-07,-1.0658141036401503e-14,-6.394884621840902e-14,4.263256414560601e-14,2.9802322387695312e-08,-2.086162567138672e-07,1.1920928955078125e-07,2.086162567138672e-07,-1.5987211554602254e-14,2.1316282072803006e-14,-1.4210854715202004e-14,3.694822225952521e-13,-8.940696716308594e-08,-1.1920928955078125e-07,-3.5762786865234375e-07
links,residential rural gas boiler,180903068.49716055,137054831.22633734,33521366.346782252,26619109.998478126,19650931.788967945,12954786.87763892,12820329.524120333,180905075.08409327,168385068.1687071,73027708.85332271,37029471.16409338,22248329.95739632,12998417.721441455,8984500.983516235,180907303.74647933,175058040.7281156,127965833.5287284,62246703.068925545,31437258.20548643,17870402.670133844,7981830.347801842,180906591.2020407,175219006.78380346,150659450.82150725,98462224.16239145,49465327.919230804,34717342.94192667,13884690.148322832,180901825.53990674,177529913.3962206,174229255.44189668,127305739.3834618,81944833.31056786,56525750.7445181,17020445.466706116,180904878.43136182,181068789.9006538,181618892.15129384,143020500.01050493,108337325.21733205,82871912.20770274,18620015.389639545
links,residential rural ground heat pump,159348491.1253276,340850448.7375046,773411848.957862,782963009.5162554,779186835.523313,756048189.9105451,682875606.2800078,159351953.64756504,217275606.22122973,616830803.7272747,749116156.9156392,773600194.0862539,769344697.9942,721767265.3612354,159352076.76389533,191297142.59739777,388944898.8108237,653992114.9910336,741792007.7892311,752708608.034873,726561191.8920225,159352622.11996394,190599332.92231604,302148116.99098873,509284660.07350147,680484564.9932507,699544240.024741,703247905.4913068,159349938.8830243,180935519.54877275,220054403.71668154,393045490.3805748,562459641.7748375,620578182.2756441,689976430.9244881,159350727.85944593,163719342.49289367,192997044.11555296,331227628.7672677,458162685.30503774,520240819.6817869,684952525.7188686
links,residential rural oil boiler,6017708.713557335,8093652.093509728,768194.6740343857,1295828.240299965,,,,6018092.153032728,8015727.110478358,2868568.4181803484,1233116.0273864043,,,,6021101.8809874,6307674.074910793,6309279.1048983745,2257435.969235138,,,,6016298.639142979,6342638.656019095,6402195.227375137,3161161.8108725995,,,,6011278.790367993,6651683.748419173,4922641.8243031185,3628820.4792410126,,,,6017405.432001747,6862660.242463175,4913483.459531761,3535031.7847635904,,,
links,residential rural resistive heater,-6776495.261419922,-6370502.585395426,-7335332.934626922,-7266782.927507818,-6757393.333869442,-8341154.096891969,-9667865.440109506,-6774402.549732551,-6497051.717308074,-6452010.710957445,-6326853.3623754755,-6057617.708580174,-6128030.357079878,-5653366.95475772,-6771230.387597851,-7437756.044936061,-6290855.147944376,-5256585.546312302,-5532262.1900992915,-5868624.9207182005,-5456252.529487178,-6774399.65650329,-7425984.522709779,-6062517.872074649,-5393510.876629077,-4383549.0101977885,-4360723.131026596,-5717815.651458241,-6780786.4060437605,-7309868.032775693,-5600320.774786428,-5929780.592774205,-3448651.3110000715,-3748314.2419687957,-5953336.641359605,-6775130.253143363,-7600214.34988676,-5302678.52516754,-6192891.174161136,-3945347.392767355,-3922244.079051897,-5818165.187247522
links,residential rural water tanks charger,-1115.7785462207985,-1273.3008997432462,-31286.08368010333,-1504.9520507624384,-254.31782647283535,-195.93963696466676,-38.44533315742751,-750.05345468431,-6957.274911074703,-2763.772724040642,-2389.443678168922,-750.7436417591339,-522.4391067372026,-134.21493760544695,-934.0240183344058,-1808.094850742702,-4594.9100829601775,-1710.9300985017453,-1380.1937202916142,-478.5867238407259,-812.9226952911731,-804.5615157849188,-757.1410904889995,-2671.1428310449683,-1639.5957379610045,-2619.5934782560907,-1590.737220639956,-3107.070440014897,-752.8049544243704,-737.9761966679735,-823.9828709849398,-7463.868043819595,-1615.2037450269418,-733.6549651379669,-2681.230335413622,-815.3165254768192,-571.3444581664089,-660.701403001688,-4115.540941208063,-1460.0940210236695,-11959.316351004054,-2074.8364139883342
links,residential rural water tanks discharger,-919.3081168347708,-1065.7554281173097,-26265.148897958803,-1262.767859346688,-212.95426334234935,-164.31733453226707,-32.17882893097109,-618.2532522387855,-5804.686559610469,-2320.084460561662,-2004.8508867965938,-629.6377561966797,-437.9780817354467,-112.44217258072706,-769.2216553935605,-1504.5486934474766,-3852.915770550877,-1435.4925220033783,-1157.4032926510263,-401.2618278206696,-681.9219199326781,-661.8101194454648,-630.9947303952295,-2238.746521386698,-1374.8833761985525,-2196.310524731858,-1333.7005384255608,-2606.010137734249,-620.3937652678856,-614.509974340825,-687.6553355315882,-6255.452412196573,-1354.8703517761196,-615.4583864595015,-2249.1708514572,-671.6719605373951,-476.2170976050902,-549.5001129636012,-3446.3158401766996,-1223.9874506759888,-10030.048530896682,-1741.2206002229086
links,residential urban decentral air heat pump,72280480.75131224,62799843.43928213,82827024.38340876,91646898.79522529,87445285.41659194,84376372.45299402,71018514.20899642,72273547.91186172,56685082.35332112,65079438.165458225,79696211.1306516,86575451.30106393,85686745.46505056,77867645.04812604,72265062.20407717,57755745.98033077,52425456.72526156,67377692.35527876,78395459.6669271,78134854.03566888,81942765.15372348,72267919.75681232,57734122.54337834,50789085.18386717,47677026.17688456,63315768.83761286,63760980.441705175,82094747.73784886,72284650.86029938,57314281.11969536,49153745.34223281,41398881.163849324,46891550.87546559,50382488.723829046,83322240.33197099,72274893.97440612,55880326.13183316,43140266.3550847,40021291.903834775,34407906.201785535,37432766.56849115,82189067.79765438
links,residential urban decentral gas boiler,12699723.511310855,16760229.425386235,8916805.50256938,5756705.580176648,5932036.215611877,5471117.129117066,6099011.883720652,12701791.08370588,18472203.48194637,15680854.490982201,10073287.111988585,6659667.817605632,5988070.299797318,4751086.4765777085,12704299.013565416,18371413.464976847,19698032.867744848,14577237.923995594,9485046.358457398,8270063.178881606,3763266.970651189,12703550.366051229,18383361.77545051,20439798.582761988,20469604.921122372,15742681.051607829,14325065.005965048,4122755.5191269405,12698509.038217748,18518218.93966719,21163348.067328453,22130778.658946335,20930943.454914417,18230812.16045024,4297322.029932634,12701438.966794662,18909120.000138428,22605215.333597012,22717391.299317632,24469419.619559385,22206002.510949906,4729049.571163643
links,residential urban decentral oil boiler,453953.8616229282,666113.5194907247,115526.47661419818,93419.02072860327,,,,452128.834776061,506534.2887348352,393042.9854093909,129078.58370660507,,,,447142.92360317975,265580.28750275745,325448.10491229664,203269.38623665035,,,,452748.36381546885,263529.8890798793,322822.2056055381,225248.33579378965,,,,456402.6197197065,271840.0727459577,174250.26541274786,314785.68568272877,,,,453067.1343711049,322251.416539356,176074.62443561095,316111.18918121565,,,
links,residential urban decentral resistive heater,-875994.586362876,-439673.4520064499,-2036929.5793546326,-1991370.387845926,-1987325.870318424,-1946908.873775538,-2661511.52473763,-877109.2165338853,-463374.549022214,-1022595.9937833901,-1659063.5060557984,-1717675.667176485,-1389679.8851284422,-2157506.1545076184,-880137.3421157692,-449940.23122776113,-903171.7283634571,-1130989.190205453,-1570593.101243807,-1461261.4230658635,-1952546.040641591,-876747.4820131157,-448100.14838554244,-757843.2412255257,-1215131.727912603,-640008.7764076358,-544287.9874364957,-1705234.445001429,-874473.0847325288,-443336.8480342175,-708636.7468973631,-1297145.2974094637,-536476.9790696912,-651905.3848206196,-1358935.397207819,-876529.7020539958,-455923.93185598496,-841756.0755801359,-1186489.3583861608,-652141.2315655947,-585259.0621701805,-1316528.8709557578
links,residential urban decentral water tanks charger,-414.8424582949324,-1123.762866992628,-15469.096045193917,-591.487623839967,-77.25968853439258,-36.740680692157696,-9.087872607175981,-274.3219811796753,-3191.412179469,-1891.0140590357296,-914.4597679142553,-193.8200753155811,-130.5389000795035,-33.85758379221997,-355.6922407331065,-705.1332855829764,-1601.9328301005098,-873.3750771159275,-330.47053406092914,-118.58747847712164,-197.14051050890248,-293.11982252540565,-294.75460218094577,-812.8358167435308,-1095.7895347554213,-732.0763043343904,-434.26590238348035,-695.4378137988342,-255.47249595036305,-274.86318979551015,-403.8418622448007,-4970.321558368938,-497.54659285236175,-184.2945228459746,-643.3560333697783,-300.78730581748505,-240.45578369456416,-290.27125273453953,-2905.645672648152,-551.3396932090232,-2930.3051150434876,-454.2177641069529
links,residential urban decentral water tanks discharger,-345.85982448823825,-943.2284078728826,-12990.808794434197,-496.55618326526155,-64.75911740973709,-30.816790490696718,-7.612354818354326,-228.69338963282325,-2673.8149266011824,-1588.0914616511109,-767.671537536542,-162.6047919657667,-109.51271846508837,-28.388042990849186,-296.56969807482346,-589.880014073342,-1344.0860144419275,-733.2717263805998,-277.1899686412312,-99.49299600982829,-165.43929431840763,-244.2838423665844,-246.71379660526054,-681.7172316404176,-919.9180721002767,-614.0951481521861,-364.3618066775364,-583.4797750987627,-212.8553845922454,-229.94386744203462,-338.3114969190567,-4171.985887763076,-417.5208056715146,-154.66889975517347,-539.8515350714333,-250.74352881129403,-201.3466458016287,-242.69303659075467,-2438.4927739265368,-462.55671125805884,-2458.63663476862,-381.24965274295755
links,services rural gas boiler,73193478.47845937,55457585.1085661,12106324.409267541,9438350.965341445,6510299.977549235,4234874.023874922,4315844.4761744365,73191197.19745873,66906273.042256564,28444684.35782236,13693664.637852013,7510833.101967508,4223217.336967363,2964139.6515611727,73188648.08237492,69505836.92461145,50470160.058079496,23261468.182753135,11130644.260411084,6302122.333838913,2573523.680170854,73189109.7448974,69553950.80606146,59578638.55079384,38442137.14158146,18354612.598664735,12339003.457849987,4728706.849391411,73194540.45318079,70266654.89562131,69067681.64007184,49397602.74443866,31139360.081269547,21375112.318301857,5987271.268267029,73191505.48498653,72524953.59830181,71862419.53182645,55985127.70715847,43189662.02318115,33430161.301552325,6712328.923435597
links,services rural ground heat pump,54242436.57217051,129189407.43791571,308008905.977695,311800508.0817974,309869652.8864847,299385722.2507683,270423410.9668679,54241709.98338576,81852604.70382649,244203792.10543334,296744697.60675156,307211683.4660119,303033078.80185187,282595444.8094527,54242595.984629124,70504178.07436019,150291150.0777322,260205499.68349826,294458888.3348576,295984190.8429169,284316974.18039274,54244001.29885663,70338069.52794379,114396770.36868888,198820114.41352662,269453948.13878334,276746862.8202551,275969794.42011124,54243605.470122755,67511684.90202853,79094318.40234987,153496261.14172155,222424197.3374918,243781646.13442448,271004856.09644854,54242430.64566058,57127443.621176705,68765979.53724933,127354901.82376915,176073757.85311627,198302107.44391844,269165917.97461087
links,services rural oil boiler,2138310.2979507586,2474482.1108108577,339470.8257606836,389876.3658982252,,,,2139447.4615403097,2458321.5091372468,966198.7332449006,419056.78754959453,,,,2141732.8908683844,1630301.3624090278,2095608.9248452098,753139.4453398581,,,,2140602.4642570727,1641285.2977399756,2208267.048676325,1167684.9285766566,,,,2141959.670403628,1828494.2826366052,1653427.6981776552,1402522.5253016632,,,,2139246.894093352,1933350.7736022733,1683649.606427501,1371476.2087007915,,,
links,services rural resistive heater,-2898852.3078663796,-2766977.5701304562,-2991224.378847163,-2955109.81698082,-2726361.669293903,-3204398.7391903177,-3485078.014986392,-2899680.3402570114,-3161481.6893761456,-2603718.0081812367,-2735811.9417426586,-2539694.1262666658,-2607709.724968277,-2308389.8800708503,-2899842.1590201035,-3817135.9775207266,-3070166.7383776344,-2431402.0352032296,-2378300.365015477,-2492963.5466846824,-2248843.741789896,-2899971.5863896497,-3807574.8887104467,-3094458.113285765,-2574471.1941000335,-1999725.6804545,-1986737.7497543134,-2315576.580780085,-2895788.490606241,-3699743.1037982143,-3215908.792456161,-2918892.9388830215,-1729841.1343345176,-1791464.1268626284,-2354613.0071665496,-2899503.8609605506,-3821108.4294400215,-3096624.880591437,-3065398.183409948,-1766837.8390731271,-1790892.9545806441,-2221832.302781187
links,services rural water tanks charger,-1121.8271388990115,-1575.9855294204299,-32133.5224953437,-1465.8100591993798,-238.93913378797902,-191.64604056315522,-35.06804181685223,-754.7361017564594,-6842.195043935702,-3572.3431642483047,-2283.3274967336492,-715.3771813318494,-507.9430415251718,-126.81984328089902,-939.3996044681271,-1793.113366191721,-4030.2650307496697,-1681.9112355876641,-1344.8476936660654,-444.44690795448105,-775.2741588719205,-808.1036069187076,-763.058883785141,-2368.0141777071876,-1560.0186593940116,-2665.346803792305,-1535.7364627682664,-3138.5773280945577,-756.6811417760478,-723.5710886280585,-828.4570991420469,-7010.278422971976,-1644.4596329122487,-733.3815544009817,-2523.097665851543,-820.4030884750246,-566.097418581609,-660.5189969704079,-3894.165447959658,-1383.41984822209,-11634.102764157506,-1998.0774100453746
links,services rural water tanks discharger,-924.9160466973462,-1320.200847373104,-26978.424281244952,-1229.9901001762282,-200.07990087914345,-160.72629499607683,-29.34774819321794,-622.5373935155935,-5710.431158449595,-2999.3320230034224,-1915.859685138601,-600.0007081757312,-425.86334764311823,-106.24470892776446,-774.2338914488291,-1492.55785507768,-3378.8990519335457,-1411.1742469506626,-1127.830458219507,-372.633874235411,-650.349878712449,-665.2851907823374,-636.1908853444202,-1984.30335854429,-1308.1412687330085,-2234.9702166968655,-1287.642601215689,-2632.673127086073,-623.9678206889598,-602.631388779967,-691.607629722735,-5875.015568386516,-1379.5358809159588,-615.278599286627,-2116.5411391735724,-676.3437932232941,-471.97701987118717,-549.5491683175846,-3260.823930817969,-1159.6846671461171,-9757.822246378608,-1676.8505029335029
links,services urban decentral air heat pump,29982117.249696627,27291701.60248059,38174129.62968053,77679313.1224409,76463981.57110049,74843666.66275945,51863637.31812433,29989407.636343844,23605836.211273104,29001919.49923437,36158855.150095046,68281038.23765445,73721883.35272717,68636470.4603124,29998796.441305723,23798249.995193724,23777242.001812205,31696650.291902658,36783678.03843138,36465186.190545484,39051139.33682051,29995452.546742175,23781828.43805871,22801723.50072945,23247094.08562381,30471137.3182197,30497412.647711482,40189460.42640929,29978376.62715451,23660053.93414593,22348306.664803237,19401440.184789583,23122046.646388657,24437900.40844201,42756216.23432605,29988374.647209324,23202733.596762866,21746505.964691013,18492164.868636385,17939520.26414785,19396811.210656095,42894842.36062778
links,services urban decentral gas boiler,6135724.79969988,7116563.75380165,3014625.535090061,1849766.1792823575,2067333.392669343,1876599.5522801243,2450508.026336002,6133606.125851077,8113981.455834519,6341475.340994669,3609206.777939879,2347853.0057697617,2093102.6635311018,1637682.5379393515,6130669.82062472,8126683.669161756,7850523.163889879,5211787.046380184,3188626.728057058,2851223.8381187334,1289283.6672830926,6131680.364495396,8135713.469111828,8249087.423975468,7734671.491714705,5738924.098942577,5231673.241064912,1369680.162036376,6136935.053824591,8179063.315597467,8454113.384938601,8806028.897128105,8097436.4426373225,6955934.564107476,1429606.7573626544,6133849.951886517,8323890.402468193,8644554.56012983,9188812.085752739,9619152.387618696,8632055.57030353,1544707.738970229
links,services urban decentral oil boiler,68432.24323162016,106048.05558062423,27348.946802690865,21895.956146934026,,,,68332.93280880003,78048.57549362328,94701.65830236851,39152.88548103936,,,,68285.93334595143,41084.481916649136,88005.08583255939,71149.629949075,,,,68410.94415581299,39575.88566332677,84795.89079014314,69005.79083915624,,,,68401.90480079314,40887.266279325966,48452.402143547966,96948.18150798522,,,,68364.53797640812,45797.89946261086,49420.840233145864,109334.47629027779,,,
links,services urban decentral resistive heater,-210674.70517055853,-267173.6790842023,-893192.6736080423,-946121.1609141417,-823308.7331480188,-897745.9707860574,-1139626.984608231,-210642.53246497945,-264438.24452465214,-525682.3336402513,-806067.5750649944,-971723.4322073478,-1129566.3108565938,-1357808.6893030386,-210677.57158818957,-236943.08748887805,-548356.4220072571,-624962.2938047759,-669263.7386611504,-590844.3426712463,-803871.2524190424,-210618.36988049326,-235462.9100056514,-492727.68289959524,-659929.5910695354,-326893.682830072,-289040.7540928754,-716138.269134583,-210675.6686971425,-231804.26016905042,-467353.14552353043,-698020.1034917235,-261581.7874814272,-369859.0913689253,-575264.6405098634,-210661.47471290408,-229497.44105963036,-453362.63470233185,-620495.3348003253,-276185.6844470189,-269997.6419307715,-529840.4887780715
links,services urban decentral water tanks charger,-234.47790505906232,-481.8127452703443,-6339.568620377024,-352.9745826973001,-67.40672955312937,-37.97148857866517,-9.19857656069641,-157.7803317589138,-1515.2327165537981,-740.8179304209852,-479.80751974467057,-242.81115837618154,-131.8104064018238,-36.55529025439111,-196.72999113214314,-313.9426148899254,-821.6056832458316,-411.88894952399187,-408.6336454058451,-111.34579870070718,-201.7643108588927,-168.42087813056378,-148.14824420421166,-587.5483100474635,-658.7314652451096,-663.1248138669816,-442.35731366660593,-706.4900124732262,-156.5560292169464,-136.44785550805148,-329.7939979151297,-2627.0504850051548,-470.0875798329175,-166.3345194171892,-526.9800808743398,-171.06701953586287,-105.06195628894204,-199.46325015449725,-1623.1585199739147,-504.9801023496766,-2659.7432552125447,-393.21944945745645
links,services urban decentral water tanks discharger,-194.48356688082572,-404.0202120887975,-5322.201613920752,-296.2126459215219,-56.49592176477216,-31.85413755867981,-7.7068626767552075,-130.89548845564423,-1266.0614762164778,-621.954481548657,-402.58836329556107,-203.77197804078332,-110.59033078435255,-30.657225043337803,-163.15580275353204,-261.346536295772,-688.8131184542285,-345.63459945038244,-342.85204979630635,-93.41428165405148,-169.3290091008888,-139.64165603850665,-123.59203225070553,-492.53443280742204,-552.8143830895319,-556.2136574817387,-371.16283851256026,-592.7943794477305,-129.87520640792275,-113.69317435705034,-276.1409537218535,-2203.85955834577,-394.47136758806755,-139.58444928152005,-442.1310947337565,-141.8773197052068,-87.63274468531893,-166.42948178173026,-1361.3676305317722,-423.63381025712033,-2231.4235765736903,-330.03211228322357
links,solid biomass for industry,0.0,0.0,0.0,0.0,0.0,0.0,0.0,0.0,0.0,0.0,0.0,0.0,0.0,0.0,0.0,0.0,0.0,0.0,0.0,0.0,0.0,0.0,0.0,0.0,0.0,0.0,0.0,0.0,0.0,0.0,0.0,0.0,0.0,0.0,0.0,0.0,0.0,0.0,0.0,0.0,0.0,0.0
links,solid biomass for industry CC,-4.793951129208031,-34.736066940697924,-78042215.57555676,-78042221.866279,-78042222.01641321,-78042222.10945761,-78042221.74715292,-3.2190351239940114,-77.82284487163406,-517143.84745500423,-78042220.8739771,-78042222.03553924,-78042222.03564084,-78042221.95635399,-4.029701830660628,-25.349875802614832,-114.08306114020093,-28799629.398336053,-78042220.72182083,-78042222.0130285,-78042222.04970625,-3.4013325274929436,-9.841676822594891,-10.055724457136577,-31.390417678440713,-13703778.966866747,-72363780.33751762,-78042221.39370278,-3.2142745424199006,-9.806122917417568,-5.678112622963825,-83.34192543163985,-34.237879231605234,-7260545.139884852,-78042221.16542852,-3.488802158340537,-9.368598197749634,-6.670422833294218,-29.43987585886572,-1851859.783498738,-1852127.4576534815,-78042221.78596577
links,urban central air heat pump,120603749.18654652,83514055.2752822,338777529.2742815,479451079.9598464,460702122.80311894,470164861.03934145,454219178.1585845,120603687.43731077,80792212.06293875,250870137.5275474,335153031.9995276,322409264.5964789,318300420.66002345,329193976.92875147,120603656.37775494,81939479.63374157,69861464.04841833,251677398.24277648,269381905.05103654,261850095.91409552,301359261.3949399,120603508.28800935,81864671.37408286,57388573.77158734,99913229.08454078,182313701.00355083,194118023.96835935,318596048.19275653,120603550.79898877,80696452.67769584,57044942.63587421,35635714.16748572,102277245.61086166,162987312.73472482,331473355.65543824,120603351.93471536,80265348.38171707,56097514.156742424,26856618.207961418,39371321.127534084,116135825.89186393,330031812.23024553
links,urban central gas CHP,94.01413380151507,1332747.7141123265,164417.56251549209,145344.96053983783,1024888.1734652966,1295254.3615864664,2309623.764682999,63.02875082743253,169672.07668348588,354210.8701895145,254543.95747328876,1483783.520179782,2330811.6670906916,2888046.01890672,80.55829372182131,294.89898068152615,5987220.409647644,1304899.4702290688,2031457.0724120792,2476910.578263605,1675610.440645378,75.44440649134299,113.45365229766321,8384415.212019935,4908436.707317352,3770685.493080914,3423305.6590430364,1578807.5015763696,67.0752741417806,99.79794875893413,5964597.740103029,16829607.452465236,12388255.655327141,6116350.253179774,1841138.1831287816,69.57866387409013,352.72199740164615,5684605.7272583395,18796879.55027145,24202725.630968943,12767631.802394763,2164641.825691374
links,urban central gas CHP CC,35.99956706126491,37.506738471135066,58.773042458333975,6.9544883618639375,3.280298369068783,0.734121770396325,0.375379803748615,24.042221394105354,360.7746066703985,6.288560998643419,17.466202165293907,13.003478317577589,11.6909200235242,1.3781622427081484,30.42829150164954,108.6042632843853,245.32183295983214,14.876646301248108,16.625509679999375,8.482111886621752,4.017943465755361,26.316713511576808,43.05408716638374,57.9906924876766,37.13011022958183,31.49485544849084,17.130737096295483,13.458900060290063,24.595238918495,37.75225978960282,62.84471787435018,808.2034063128763,34.06767438858638,6.747582762082313,11.272503520672775,26.256346873379385,33.6708155435532,85.50212888728481,400.0881154981173,298.6866141917635,300.8588797127778,4.980476306055136
links,urban central gas boiler,299896089.431319,281773048.9210669,54655624.15969668,42672037.74124006,37637937.63310377,23967889.558359165,21018522.325287,299896509.3861829,314632141.00143516,137024441.5058391,63066207.624274306,48674236.54557295,40380714.250102505,25959697.73852539,299896342.8552132,317399999.3677019,265473960.8477125,123402314.32210396,76499232.74997509,56735439.717814885,18100329.632810622,299896559.6039365,317457595.0755813,288217014.7521454,211052557.43482435,131589698.11042951,101269738.9437582,16433632.339371327,299896548.1626703,318316872.3479328,301465026.5383127,276769627.245788,196035727.21810728,129256821.17622024,14225471.836837564,299896463.7137823,318832948.15385735,303606196.13089764,278872729.66753453,248033454.47602376,173841705.99002737,14935787.670485552
links,urban central oil boiler,285124.3860797704,134111.9985382671,134.53134238633578,5.755831287354619,3552.792991633386,,,285068.8325085751,254111.7106615533,16977.569129584153,17.784385895156632,12517.523572141868,,,285103.812944038,266577.63327743125,91243.61065481993,16553.0390373784,6401.88183871078,,,285082.88818976976,268139.1856524242,110561.12139584922,9708.23073310648,3697.894406757784,,,285059.94488247257,278106.07270691777,129700.02398741551,22893.810805323657,3787.1044095476327,,,285078.6967217863,296664.43954685156,141777.57163690095,22874.285953296014,4155.504656252032,,
links,urban central resistive heater,-140816.26376903243,-381728.1208893806,-1431814.274944067,-1507445.9024565518,-1191069.6542704254,-1198871.5465702713,-505231.4613564983,-140814.79744574614,-198105.5085790828,-1323109.4721257389,-1345859.0986075997,-1472316.419852078,-1225107.907236874,-1076766.6168301404,-140810.60786227137,-140124.89865115657,-411394.4748869464,-1098367.3183676153,-1423941.7707959116,-1351979.6516115814,-1485906.3882043362,-140810.7241131775,-139201.39373173006,-188781.4055337608,-650344.3377998099,-1183230.645544231,-1093010.2262824625,-1495383.5901766717,-140815.95205627382,-123030.77749606222,-128245.0548960343,-407382.74949293584,-556765.1453441456,-828232.4903779328,-1434897.409254074,-140818.7633403018,-101131.26708475128,-108126.70488718338,-240806.65645929426,-388991.79186438024,-417315.13114298135,-1378167.7237406373
links,urban central solid biomass CHP,-35.069694032788675,-1924616.2825197652,-627374.5254167803,-538318.7348052263,-510294.1449548267,-566172.6566804908,-709194.1147255674,-23.527235162187026,-433.43414412013226,-6899173.949780971,-3921414.7516067624,-2902422.059641227,-2896347.5769067407,-3215906.648289323,-29.345617700927505,-82.19205001384762,-230.9664916293923,-6276081.292757601,-4347068.175832987,-3707085.586510241,-2580256.580497682,-23.603136639402237,-29.778219403821822,-43.47907112825692,-4864093.451010585,-6212335.533101708,-5684354.523640215,-2492324.96188958,-23.61398585388622,-27.756317324647853,-24.224269998403884,-184.49271723295624,-3340166.70171234,-5951424.322658777,-2327741.2655924708,-25.59583787838335,-20.960847688483682,-22.945936045093504,-155.01157087610227,-49.867410697654805,-4386777.644319862,-1350926.6801743805
links,urban central solid biomass CHP CC,-8.8981189947458,-121.67472585406358,-3590339.1323114634,-3625961.397905767,-3637172.5386922956,-3614820.327395797,-3514489.4846912622,-5.9694497701573255,-128.10796927397496,-1701819.9359200895,-2272722.9990134537,-2951932.670750022,-2958182.9883663952,-2810139.348879814,-7.464043467146325,-31.090810945309386,-1172366.0102009773,-1724797.1143773496,-2414527.779876232,-2820047.7822575867,-2083754.310934186,-6.304367362601113,-11.203971189045433,-9.105939391340257,-1327762.0442011505,-2106458.876552753,-1836846.692400992,-1180977.324746132,-5.963660591038092,-10.9992795192029,-6.061381078083059,-60.342810661799376,-1916445.3323333412,-2787086.68298465,-1479305.5340048373,-6.491469833514941,-8.88578437097749,-6.367525372310297,-35.34566580704495,-72.66121789239969,-1717786.5651091486,-1040246.1975772381
links,urban central water tanks charger,-254159.86487404653,-765605.0166872465,-10692758.751072362,-6578752.527783461,-6228750.429724537,-7666754.458062328,-8739308.804230936,-253822.69865000644,-381451.6691809441,-4972256.088417031,-7099470.89695894,-5508988.445147056,-4602867.938094869,-7309461.1256598085,-253920.81508584414,-317219.2247652316,-1647098.957355503,-3866902.6706838273,-6264990.42363853,-9198410.982089624,-9453507.88394022,-253827.01696168026,-316418.15166262724,-818447.1398633178,-4205593.572726723,-5497168.290288247,-3993411.002542615,-7390100.518623248,-253825.01129388553,-315298.4701999889,-610682.1841043569,-1280571.7878312431,-5628097.417214256,-4993904.139388319,-7864858.460404299,-253832.95060393028,-308688.18358348333,-514965.7387073585,-1234025.2209035233,-3960987.8058795966,-5672409.135253936,-7912560.363170557
links,urban central water tanks discharger,-212569.54250054993,-640850.3922063671,-8954103.856542654,-5495217.465656262,-5200444.657369655,-6412269.000747725,-7303284.1517537385,-212326.4837286917,-318477.52586968686,-4167264.165828403,-5945917.323378518,-4606327.629074417,-3848554.49665682,-6108442.399041697,-212401.46510773967,-265066.3028462543,-1381126.3648945373,-3240129.190246038,-5245834.393514462,-7710501.8084432855,-7888343.749530196,-212327.63678481616,-264421.5412201858,-685365.2771523837,-3527949.304953661,-4607983.635101367,-3347906.3692745194,-6162736.364469022,-212321.13723276486,-263472.24377129576,-511230.259679941,-1072617.0655476768,-4722804.7819481455,-4191560.050952278,-6561262.287472986,-212328.7262129248,-258053.37939361297,-430966.98276217934,-1033775.5412098765,-3325128.6870302744,-4762384.233844824,-6602143.134298235
loads,H2 for industry,-116110000.00000104,-116110000.00000104,-123469999.9999997,-142689999.99999994,-163370000.00000006,-188509999.99999794,-204740000.00000304,-116110000.00000104,-116110000.00000104,-123469999.9999997,-142689999.99999994,-163370000.00000006,-188509999.99999794,-204740000.00000304,-116110000.00000104,-116110000.00000104,-123469999.9999997,-142689999.99999994,-163370000.00000006,-188509999.99999794,-204740000.00000304,-116110000.00000104,-116110000.00000104,-123469999.9999997,-142689999.99999994,-163370000.00000006,-188509999.99999794,-204740000.00000304,-116110000.00000104,-116110000.00000104,-123469999.9999997,-142689999.99999994,-163370000.00000006,-188509999.99999794,-204740000.00000304,-116110000.00000104,-116110000.00000104,-123469999.9999997,-142689999.99999994,-163370000.00000006,-188509999.99999794,-204740000.00000304
loads,H2 for shipping,0.0,0.0,-50284434.571919195,-100568869.14383839,-251422172.8595877,-301706607.43150294,-502844345.7191754,0.0,0.0,-50284434.571919195,-100568869.14383839,-251422172.8595877,-301706607.43150294,-502844345.7191754,0.0,0.0,-50284434.571919195,-100568869.14383839,-251422172.8595877,-301706607.43150294,-502844345.7191754,0.0,0.0,-50284434.571919195,-100568869.14383839,-251422172.8595877,-301706607.43150294,-502844345.7191754,0.0,0.0,-50284434.571919195,-100568869.14383839,-251422172.8595877,-301706607.43150294,-502844345.7191754,0.0,0.0,-50284434.571919195,-100568869.14383839,-251422172.8595877,-301706607.43150294,-502844345.7191754
loads,electricity,-1720707554.2226639,-1720707554.2226639,-1720707554.2226639,-1720707554.2226639,-1720707554.2226639,-1720707554.2226639,-1720707554.2226639,-1720707554.2226639,-1720707554.2226639,-1720707554.2226639,-1720707554.2226639,-1720707554.2226639,-1720707554.2226639,-1720707554.2226639,-1720707554.2226639,-1720707554.2226639,-1720707554.2226639,-1720707554.2226639,-1720707554.2226639,-1720707554.2226639,-1720707554.2226639,-1720707554.2226639,-1720707554.2226639,-1720707554.2226639,-1720707554.2226639,-1720707554.2226639,-1720707554.2226639,-1720707554.2226639,-1720707554.2226639,-1720707554.2226639,-1720707554.2226639,-1720707554.2226639,-1720707554.2226639,-1720707554.2226639,-1720707554.2226639,-1720707554.2226639,-1720707554.2226639,-1720707554.2226639,-1720707554.2226639,-1720707554.2226639,-1720707554.2226639,-1720707554.2226639
loads,gas for industry,-380270000.000009,-380270000.000009,-380279999.99998474,-380330000.0,-380389999.999991,-380449999.9999877,-380499999.99999547,-380270000.000009,-380270000.000009,-380279999.99998474,-380330000.0,-380389999.999991,-380449999.9999877,-380499999.99999547,-380270000.000009,-380270000.000009,-380279999.99998474,-380330000.0,-380389999.999991,-380449999.9999877,-380499999.99999547,-380270000.000009,-380270000.000009,-380279999.99998474,-380330000.0,-380389999.999991,-380449999.9999877,-380499999.99999547,-380270000.000009,-380270000.000009,-380279999.99998474,-380330000.0,-380389999.999991,-380449999.9999877,-380499999.99999547,-380270000.000009,-380270000.000009,-380279999.99998474,-380330000.0,-380389999.999991,-380449999.9999877,-380499999.99999547
loads,industry electricity,-1688520000.0000136,-1687249999.9999976,-1687640000.0000446,-1690710000.0000226,-1694059999.9999816,-1696649999.9999764,-1697249999.9999914,-1688520000.0000136,-1687249999.9999976,-1687640000.0000446,-1690710000.0000226,-1694059999.9999816,-1696649999.9999764,-1697249999.9999914,-1688520000.0000136,-1687249999.9999976,-1687640000.0000446,-1690710000.0000226,-1694059999.9999816,-1696649999.9999764,-1697249999.9999914,-1688520000.0000136,-1687249999.9999976,-1687640000.0000446,-1690710000.0000226,-1694059999.9999816,-1696649999.9999764,-1697249999.9999914,-1688520000.0000136,-1687249999.9999976,-1687640000.0000446,-1690710000.0000226,-1694059999.9999816,-1696649999.9999764,-1697249999.9999914,-1688520000.0000136,-1687249999.9999976,-1687640000.0000446,-1690710000.0000226,-1694059999.9999816,-1696649999.9999764,-1697249999.9999914
loads,kerosene for aviation,-612245730.6094127,-612245730.6094127,-612245730.6094127,-612245730.6094127,-612245730.6094127,-612245730.6094127,-612245730.6094127,-612245730.6094127,-612245730.6094127,-612245730.6094127,-612245730.6094127,-612245730.6094127,-612245730.6094127,-612245730.6094127,-612245730.6094127,-612245730.6094127,-612245730.6094127,-612245730.6094127,-612245730.6094127,-612245730.6094127,-612245730.6094127,-612245730.6094127,-612245730.6094127,-612245730.6094127,-612245730.6094127,-612245730.6094127,-612245730.6094127,-612245730.6094127,-612245730.6094127,-612245730.6094127,-612245730.6094127,-612245730.6094127,-612245730.6094127,-612245730.6094127,-612245730.6094127,-612245730.6094127,-612245730.6094127,-612245730.6094127,-612245730.6094127,-612245730.6094127,-612245730.6094127,-612245730.6094127
loads,land transport EV,,-91850846.57585871,-229627116.43964675,-413328809.5913643,-551105079.4551513,-661326095.3461827,-780732195.8947986,,-91850846.57585871,-229627116.43964675,-413328809.5913643,-551105079.4551513,-661326095.3461827,-780732195.8947986,,-91850846.57585871,-229627116.43964675,-413328809.5913643,-551105079.4551513,-661326095.3461827,-780732195.8947986,,-91850846.57585871,-229627116.43964675,-413328809.5913643,-551105079.4551513,-661326095.3461827,-780732195.8947986,,-91850846.57585871,-229627116.43964675,-413328809.5913643,-551105079.4551513,-661326095.3461827,-780732195.8947986,,-91850846.57585871,-229627116.43964675,-413328809.5913643,-551105079.4551513,-661326095.3461827,-780732195.8947986
loads,land transport fuel cell,,-45925423.28792935,-91850846.5758587,-137776269.86378795,-183701693.1517174,-229627116.43964675,-275552539.7275759,,-45925423.28792935,-91850846.5758587,-137776269.86378795,-183701693.1517174,-229627116.43964675,-275552539.7275759,,-45925423.28792935,-91850846.5758587,-137776269.86378795,-183701693.1517174,-229627116.43964675,-275552539.7275759,,-45925423.28792935,-91850846.5758587,-137776269.86378795,-183701693.1517174,-229627116.43964675,-275552539.7275759,,-45925423.28792935,-91850846.5758587,-137776269.86378795,-183701693.1517174,-229627116.43964675,-275552539.7275759,,-45925423.28792935,-91850846.5758587,-137776269.86378795,-183701693.1517174,-229627116.43964675,-275552539.7275759
loads,land transport oil,-3061694885.861954,-2678983025.12921,-2143186420.103368,-1454305070.7844288,-918508465.7585871,-474562707.3086029,,-3061694885.861954,-2678983025.12921,-2143186420.103368,-1454305070.7844288,-918508465.7585871,-474562707.3086029,,-3061694885.861954,-2678983025.12921,-2143186420.103368,-1454305070.7844288,-918508465.7585871,-474562707.3086029,,-3061694885.861954,-2678983025.12921,-2143186420.103368,-1454305070.7844288,-918508465.7585871,-474562707.3086029,,-3061694885.861954,-2678983025.12921,-2143186420.103368,-1454305070.7844288,-918508465.7585871,-474562707.3086029,,-3061694885.861954,-2678983025.12921,-2143186420.103368,-1454305070.7844288,-918508465.7585871,-474562707.3086029,
loads,land transport oil emissions,826657619.1827399,723325416.7849299,578660333.4279395,392662369.1117696,247997285.75482866,128131930.97332868,,826657619.1827399,723325416.7849299,578660333.4279395,392662369.1117696,247997285.75482866,128131930.97332868,,826657619.1827399,723325416.7849299,578660333.4279395,392662369.1117696,247997285.75482866,128131930.97332868,,826657619.1827399,723325416.7849299,578660333.4279395,392662369.1117696,247997285.75482866,128131930.97332868,,826657619.1827399,723325416.7849299,578660333.4279395,392662369.1117696,247997285.75482866,128131930.97332868,,826657619.1827399,723325416.7849299,578660333.4279395,392662369.1117696,247997285.75482866,128131930.97332868,
loads,low-temperature heat for industry,-60239999.99999851,-60209999.99999914,-60160000.00000056,-60130000.000000246,-60079999.99999995,-60040000.00000072,-59979999.99999978,-60239999.99999851,-60209999.99999914,-60160000.00000056,-60130000.000000246,-60079999.99999995,-60040000.00000072,-59979999.99999978,-60239999.99999851,-60209999.99999914,-60160000.00000056,-60130000.000000246,-60079999.99999995,-60040000.00000072,-59979999.99999978,-60239999.99999851,-60209999.99999914,-60160000.00000056,-60130000.000000246,-60079999.99999995,-60040000.00000072,-59979999.99999978,-60239999.99999851,-60209999.99999914,-60160000.00000056,-60130000.000000246,-60079999.99999995,-60040000.00000072,-59979999.99999978,-60239999.99999851,-60209999.99999914,-60160000.00000056,-60130000.000000246,-60079999.99999995,-60040000.00000072,-59979999.99999978
loads,naphtha for industry,-778489999.9999995,-778489999.9999995,-778489999.9999995,-778489999.9999995,-778489999.9999995,-778489999.9999995,-778489999.9999995,-778489999.9999995,-778489999.9999995,-778489999.9999995,-778489999.9999995,-778489999.9999995,-778489999.9999995,-778489999.9999995,-778489999.9999995,-778489999.9999995,-778489999.9999995,-778489999.9999995,-778489999.9999995,-778489999.9999995,-778489999.9999995,-778489999.9999995,-778489999.9999995,-778489999.9999995,-778489999.9999995,-778489999.9999995,-778489999.9999995,-778489999.9999995,-778489999.9999995,-778489999.9999995,-778489999.9999995,-778489999.9999995,-778489999.9999995,-778489999.9999995,-778489999.9999995,-778489999.9999995,-778489999.9999995,-778489999.9999995,-778489999.9999995,-778489999.9999995,-778489999.9999995,-778489999.9999995
loads,oil emissions,348248647.2645179,348248647.2645179,348248647.2645179,348248647.2645179,348248647.2645179,348248647.2645179,348248647.2645179,348248647.2645179,348248647.2645179,348248647.2645179,348248647.2645179,348248647.2645179,348248647.2645179,348248647.2645179,348248647.2645179,348248647.2645179,348248647.2645179,348248647.2645179,348248647.2645179,348248647.2645179,348248647.2645179,348248647.2645179,348248647.2645179,348248647.2645179,348248647.2645179,348248647.2645179,348248647.2645179,348248647.2645179,348248647.2645179,348248647.2645179,348248647.2645179,348248647.2645179,348248647.2645179,348248647.2645179,348248647.2645179,348248647.2645179,348248647.2645179,348248647.2645179,348248647.2645179,348248647.2645179,348248647.2645179,348248647.2645179
loads,process emissions,176139999.99999133,174240000.00000882,171589999.99999544,167600000.00000036,163419999.99999702,158510000.00000188,154639999.99999538,176139999.99999133,174240000.00000882,171589999.99999544,167600000.00000036,163419999.99999702,158510000.00000188,154639999.99999538,176139999.99999133,174240000.00000882,171589999.99999544,167600000.00000036,163419999.99999702,158510000.00000188,154639999.99999538,176139999.99999133,174240000.00000882,171589999.99999544,167600000.00000036,163419999.99999702,158510000.00000188,154639999.99999538,176139999.99999133,174240000.00000882,171589999.99999544,167600000.00000036,163419999.99999702,158510000.00000188,154639999.99999538,176139999.99999133,174240000.00000882,171589999.99999544,167600000.00000036,163419999.99999702,158510000.00000188,154639999.99999538
loads,residential rural heat,-1348150388.0444086,-1359859543.61046,-1359859543.61046,-1336441232.478356,-1277895454.6480973,-1219349676.8178368,-1125676432.2894218,-1348150388.0444086,-1359859543.61046,-1359859543.61046,-1336441232.478356,-1277895454.6480973,-1219349676.8178368,-1125676432.2894218,-1348150388.0444086,-1359859543.61046,-1359859543.61046,-1336441232.478356,-1277895454.6480973,-1219349676.8178368,-1125676432.2894218,-1348150388.0444086,-1359859543.61046,-1359859543.61046,-1336441232.478356,-1277895454.6480973,-1219349676.8178368,-1125676432.2894218,-1348150388.0444086,-1359859543.61046,-1359859543.61046,-1336441232.478356,-1277895454.6480973,-1219349676.8178368,-1125676432.2894218,-1348150388.0444086,-1359859543.61046,-1359859543.61046,-1336441232.478356,-1277895454.6480973,-1219349676.8178368,-1125676432.2894218
loads,residential urban decentral heat,-201503385.5911071,-203119638.01130107,-203119638.01130107,-199887133.17091382,-191805871.06994435,-183724608.96897495,-170794589.60742435,-201503385.5911071,-203119638.01130107,-203119638.01130107,-199887133.17091382,-191805871.06994435,-183724608.96897495,-170794589.60742435,-201503385.5911071,-203119638.01130107,-203119638.01130107,-199887133.17091382,-191805871.06994435,-183724608.96897495,-170794589.60742435,-201503385.5911071,-203119638.01130107,-203119638.01130107,-199887133.17091382,-191805871.06994435,-183724608.96897495,-170794589.60742435,-201503385.5911071,-203119638.01130107,-203119638.01130107,-199887133.17091382,-191805871.06994435,-183724608.96897495,-170794589.60742435,-201503385.5911071,-203119638.01130107,-203119638.01130107,-199887133.17091382,-191805871.06994435,-183724608.96897495,-170794589.60742435
loads,services rural heat,-531031952.82955474,-535863011.8216016,-535863011.8216016,-526200893.83750856,-502045598.8772757,-477890303.9170427,-439241831.9806702,-531031952.82955474,-535863011.8216016,-535863011.8216016,-526200893.83750856,-502045598.8772757,-477890303.9170427,-439241831.9806702,-531031952.82955474,-535863011.8216016,-535863011.8216016,-526200893.83750856,-502045598.8772757,-477890303.9170427,-439241831.9806702,-531031952.82955474,-535863011.8216016,-535863011.8216016,-526200893.83750856,-502045598.8772757,-477890303.9170427,-439241831.9806702,-531031952.82955474,-535863011.8216016,-535863011.8216016,-526200893.83750856,-502045598.8772757,-477890303.9170427,-439241831.9806702,-531031952.82955474,-535863011.8216016,-535863011.8216016,-526200893.83750856,-502045598.8772757,-477890303.9170427,-439241831.9806702
loads,services urban decentral heat,-73649558.00132482,-74268080.75318213,-74268080.75318213,-73031035.24946736,-69938421.49018049,-66845807.73089346,-61897625.71603429,-73649558.00132482,-74268080.75318213,-74268080.75318213,-73031035.24946736,-69938421.49018049,-66845807.73089346,-61897625.71603429,-73649558.00132482,-74268080.75318213,-74268080.75318213,-73031035.24946736,-69938421.49018049,-66845807.73089346,-61897625.71603429,-73649558.00132482,-74268080.75318213,-74268080.75318213,-73031035.24946736,-69938421.49018049,-66845807.73089346,-61897625.71603429,-73649558.00132482,-74268080.75318213,-74268080.75318213,-73031035.24946736,-69938421.49018049,-66845807.73089346,-61897625.71603429,-73649558.00132482,-74268080.75318213,-74268080.75318213,-73031035.24946736,-69938421.49018049,-66845807.73089346,-61897625.71603429
loads,shipping oil,-628555432.1489787,-628555432.1489787,-565699888.9340684,-502844345.7191754,-314277716.07448936,-251422172.8595877,,-628555432.1489787,-628555432.1489787,-565699888.9340684,-502844345.7191754,-314277716.07448936,-251422172.8595877,,-628555432.1489787,-628555432.1489787,-565699888.9340684,-502844345.7191754,-314277716.07448936,-251422172.8595877,,-628555432.1489787,-628555432.1489787,-565699888.9340684,-502844345.7191754,-314277716.07448936,-251422172.8595877,,-628555432.1489787,-628555432.1489787,-565699888.9340684,-502844345.7191754,-314277716.07448936,-251422172.8595877,,-628555432.1489787,-628555432.1489787,-565699888.9340684,-502844345.7191754,-314277716.07448936,-251422172.8595877,
loads,shipping oil emissions,169709966.68023366,169709966.68023366,152738970.01219392,135767973.34418222,84854983.34011683,67883986.67209111,,169709966.68023366,169709966.68023366,152738970.01219392,135767973.34418222,84854983.34011683,67883986.67209111,,169709966.68023366,169709966.68023366,152738970.01219392,135767973.34418222,84854983.34011683,67883986.67209111,,169709966.68023366,169709966.68023366,152738970.01219392,135767973.34418222,84854983.34011683,67883986.67209111,,169709966.68023366,169709966.68023366,152738970.01219392,135767973.34418222,84854983.34011683,67883986.67209111,,169709966.68023366,169709966.68023366,152738970.01219392,135767973.34418222,84854983.34011683,67883986.67209111,
loads,solid biomass for industry,-702379999.9999825,-702379999.9999825,-702379999.9999825,-702379999.9999825,-702379999.9999825,-702379999.9999825,-702379999.9999825,-702379999.9999825,-702379999.9999825,-702379999.9999825,-702379999.9999825,-702379999.9999825,-702379999.9999825,-702379999.9999825,-702379999.9999825,-702379999.9999825,-702379999.9999825,-702379999.9999825,-702379999.9999825,-702379999.9999825,-702379999.9999825,-702379999.9999825,-702379999.9999825,-702379999.9999825,-702379999.9999825,-702379999.9999825,-702379999.9999825,-702379999.9999825,-702379999.9999825,-702379999.9999825,-702379999.9999825,-702379999.9999825,-702379999.9999825,-702379999.9999825,-702379999.9999825,-702379999.9999825,-702379999.9999825,-702379999.9999825,-702379999.9999825,-702379999.9999825,-702379999.9999825,-702379999.9999825
loads,urban central heat,-1507582753.0104604,-1521049169.686958,-1521049169.686958,-1494116336.3339603,-1426784252.951466,-1359452169.5689723,-1251720836.1569827,-1507582753.0104604,-1521049169.686958,-1521049169.686958,-1494116336.3339603,-1426784252.951466,-1359452169.5689723,-1251720836.1569827,-1507582753.0104604,-1521049169.686958,-1521049169.686958,-1494116336.3339603,-1426784252.951466,-1359452169.5689723,-1251720836.1569827,-1507582753.0104604,-1521049169.686958,-1521049169.686958,-1494116336.3339603,-1426784252.951466,-1359452169.5689723,-1251720836.1569827,-1507582753.0104604,-1521049169.686958,-1521049169.686958,-1494116336.3339603,-1426784252.951466,-1359452169.5689723,-1251720836.1569827,-1507582753.0104604,-1521049169.686958,-1521049169.686958,-1494116336.3339603,-1426784252.951466,-1359452169.5689723,-1251720836.1569827
storage_units,PHS,-1797256.8236017025,-15347443.747844676,-20595443.857538525,-18160715.044627845,-14270468.13778515,-14823028.278824883,-13488693.587532759,-1797105.596112616,-7887120.419652993,-21328129.69088455,-17922399.133950848,-15359576.260380877,-15144896.527506804,-14140640.075943802,-1797344.217031982,-3570850.5767694353,-18487892.582930803,-19509404.927643906,-16763965.828287205,-15809705.764723107,-15719733.980547104,-1797290.1769890897,-3366133.695310551,-15101560.380052708,-20511932.726183694,-16983432.184271954,-16654157.484572161,-16870544.5261373,-1797019.186229434,-2404852.731678479,-10581126.978495672,-17154652.688429877,-17311258.752568275,-16808642.806417383,-16705419.520780269,-1797236.232744096,-1471009.4122578928,-8077269.312419745,-14418577.184723722,-16715943.319691615,-17661018.501101427,-16713484.052440682
storage_units,hydro,348204462.4562799,348204605.4521388,348204100.0156617,348204712.94371206,348204730.7614448,348204738.4986257,348204744.01635134,348204561.0811624,348202891.13163733,348204716.0703884,348204658.3192754,348204717.9104904,348204727.17016345,348204731.6121041,348204505.078946,348204083.59150213,348204560.6275554,348204689.97538275,348204696.4894986,348204712.4483638,348204715.37088686,348204545.17047393,348204494.06721884,348204629.23541594,348204681.1531367,348204679.3773395,348204675.7354052,348204683.99764663,348204570.1327265,348204503.7526648,348204617.46370393,348204150.09455097,348204703.3191982,348204725.20122313,348204632.04458135,348204541.3856052,348204506.41878766,348204606.61036927,348204151.5593038,348204674.70413554,348204200.69897753,348204693.83782613
stores,H2,0.0,-3.8166702437392175e-11,3.8813623565170374e-08,-1.4160886329869782e-08,-5.926941478058556e-08,-1.4078579781465726e-08,-6.882828502453864e-09,0.0,2.4120122565918223e-11,4.2435115751165986e-11,-8.126691906223948e-09,3.1124820317439406e-08,-1.2908690635513032e-09,-1.4413771596416547e-08,0.0,5.5735693837988265e-12,-2.433729745510149e-10,2.8653397079504705e-08,8.220876670378408e-10,6.585837579085006e-08,-4.106657568690719e-08,-1.1102230246251565e-16,-2.9244523469529327e-12,2.80290443632758e-11,-7.896810419114053e-10,4.2580523752777655e-08,-8.307966585519022e-09,1.3355707668277761e-08,0.0,2.460522757763428e-11,1.5943433032128418e-10,-1.478869027238261e-09,-1.1680782729950323e-10,-5.689086507443264e-09,-2.488103723052859e-09,0.0,2.1037546704683052e-12,-4.979545942251917e-11,-3.2400387928177565e-11,-2.042959836023872e-09,-2.3377513258537874e-09,-2.9345863152702156e-09
stores,Li ion,,9.691802915767767e-12,-2.538058652135078e-10,9.424638847121969e-11,1.737134880386293e-10,7.164544513216242e-10,-2.88082446786575e-10,,-2.2005508526490303e-10,-5.985612006043084e-11,-2.9831426218152046e-10,7.64202923164703e-10,-2.205524651799351e-10,-5.322817742126063e-10,,-6.884803838147491e-11,5.854872142663226e-11,1.4154011296341196e-10,3.157083483529277e-10,-3.240074875066057e-10,-3.228706191293895e-10,,-1.814726147131296e-10,5.348965714802034e-11,8.537881512893364e-11,1.2732925824820995e-10,1.7257661966141313e-10,6.83940015733242e-10,,-7.227640708151739e-11,2.6710722522693686e-10,1.3324097380973399e-10,-3.0968294595368207e-10,-1.864464138634503e-11,7.212292985059321e-10,,4.5787373892380856e-11,-3.666400516522117e-11,1.3778844731859863e-10,-1.1112888387287967e-10,-1.3574208423960954e-10,3.240074875066057e-10
stores,battery,1.6132928326584306e-16,2.0816681711721685e-17,2.90609271022535e-10,-1.603564303911953e-10,-6.288056924111385e-10,1.8728113935963936e-09,5.113236190793652e-11,-1.1188966420050406e-16,-2.3939183968479938e-15,-7.515827131661379e-10,4.2438574659672823e-10,-2.4973356162975163e-10,5.348721292264269e-11,-2.3405646778357214e-10,5.637851296924623e-17,-1.8821749714348357e-16,2.6769033170670475e-11,-8.746210053943437e-10,-7.025892445958193e-10,-1.8241243194758172e-10,-1.1798865343949638e-09,-1.6740081543176188e-16,-3.664603343001005e-17,1.644147491763892e-11,-7.823657568149789e-10,-4.4206423851361754e-10,-9.974385839842115e-10,-9.814497595704574e-10,8.586881206085195e-17,-2.0903417885520525e-16,-4.1060817940197225e-13,-5.057759766557979e-14,-6.857080051339559e-11,-5.500014963865513e-10,-2.981049643246969e-10,8.066464163292153e-17,4.7921736023859296e-17,-1.0019762797242038e-14,9.224253305628594e-13,1.0257984045525248e-10,-4.3056987489298315e-10,-7.49560697364815e-10
stores,biogas,14.2514336822231,13.66511686377435,352111111.0572287,352111111.10867673,352111107.34860206,142967561.23744324,3.070096673263066,9.452747098644474,113.3422823675549,12.331317863707742,352111065.83181995,352111104.93654305,352111109.259897,352111111.05995697,12.148050741597983,39.36658377916821,14.655106934327565,18.820069421786112,81.80045364315966,213244107.43497947,352111111.11012447,15.534349461409914,9.335112784421272,17.82359778891132,7.211710557867925,31.096023520437708,7.324042096018987,352111111.10868216,10.337837867992336,10.476256681570435,76.80801273415595,62.018768436145706,9.789058275619661,4.820017664435901,352111111.10802996,10.292429036152509,10.099930624240223,9.233458206318078,43.00223873690509,8.2327973278408,116.58958109960368,352111111.1091014
stores,co2,-3559404571.089938,-2124605829.215787,-841564646.6734471,-289718976.7209818,-91974278.32181555,-27592283.49648912,-4.9757809392758645e-05,-3559404571.056823,-2612069504.3219447,-1434798741.8085246,-699004515.2423786,-321909974.12405854,-142560131.39915586,-5.9381047321949154e-05,-3559404571.0847464,-2892591053.187361,-1890071419.5179195,-1117487481.6045575,-625425092.5910609,-335706115.8737967,-0.0004227424433338456,-3559404571.2590394,-3067342182.0023766,-2230376249.2886343,-1489983308.811491,-947335066.7159677,-584036667.3411883,-0.004608819850545842,-3559404571.1197867,-3177711278.9147973,-2478706800.7560863,-1798097141.1815715,-1250850185.1672995,-841564646.6402934,-0.010347715026000515,-3559404571.0687094,-3260487712.1452937,-2667254071.308928,-2051026406.560754,-1517575592.300549,-1089895198.139812,-0.0017474815249443054
stores,co2 stored,-111.67328659219396,-156819618.2511661,-199999991.59724075,-199999999.72635508,-199999999.99348503,-199999999.99494845,-199999999.9288886,-71.5644826077086,-374.5624782881596,-199999996.16440222,-199999999.6557939,-199999999.2833881,-199999999.7377565,-199999999.97576055,-100.800198476309,-0.5794183010266607,-194000811.96968108,-199999999.6486437,-199999996.65494043,-199999999.94770163,-199999999.88517556,-70.2461853570107,-0.04725758425440088,-467.0012221752246,-199999976.40019965,-199999999.44067937,-199999947.60109958,-199999999.3226421,-67.21705990009934,-1.2031097838035971,-2.365900053524429,-151983510.33187658,-199999935.9863563,-199999996.90019178,-199999998.7486894,-82.01763854976448,-0.0642256764977786,-0.04583576578786447,-1202.9730210374487,-160530116.71889755,-199999947.1525867,-199999998.9759805
stores,coal,0.0,0.0,0.0,0.0,0.0,0.0,0.0,0.0,0.0,0.0,0.0,0.0,0.0,0.0,0.0,0.0,0.0,0.0,0.0,0.0,0.0,0.0,0.0,0.0,0.0,0.0,0.0,0.0,0.0,0.0,0.0,0.0,0.0,0.0,0.0,0.0,0.0,0.0,0.0,0.0,0.0,0.0
stores,gas,0.0,0.0,0.0,0.0,0.0,0.0,0.0,0.0,0.0,0.0,0.0,0.0,0.0,0.0,0.0,0.0,0.0,0.0,0.0,0.0,0.0,0.0,0.0,0.0,0.0,0.0,0.0,0.0,0.0,0.0,0.0,0.0,0.0,0.0,0.0,0.0,0.0,0.0,0.0,0.0,0.0,0.0
stores,home battery,-1.8388068845354155e-16,-5.377642775528102e-17,6.566448773615008e-14,-1.6271359259967255e-13,-4.16268170107259e-12,1.2754484968180435e-12,-2.724918435424023e-12,-1.9949319973733282e-17,-2.491062911502695e-15,-2.809404184983544e-13,-1.790521723943339e-12,2.0056048835592755e-13,-4.84639888984062e-13,8.634795352693847e-13,-2.2724877535296173e-16,6.071532165918825e-18,-6.860831347488272e-16,1.140183867459621e-13,1.1721513516749216e-12,-1.6443606459110027e-13,-4.869934750600935e-13,-1.8821749714348357e-16,-2.2681509448396753e-16,-5.967448757360216e-16,-6.114900252818245e-16,7.112799932373903e-13,-1.1369091432178458e-12,-1.5583020984699658e-14,9.540979117872439e-17,5.767955557622884e-17,-3.903127820947816e-18,-1.3062467774105357e-15,3.9840309870586843e-13,3.692816451933423e-13,-2.2928967752244844e-13,-8.500145032286355e-17,2.19225679276569e-16,7.971054372113429e-16,6.401129626354418e-16,5.469262195911817e-13,-1.67019176267047e-14,-5.828766289073251e-13
stores,lignite,0.0,0.0,0.0,0.0,0.0,0.0,0.0,0.0,0.0,0.0,0.0,0.0,0.0,0.0,0.0,0.0,0.0,0.0,0.0,0.0,0.0,0.0,0.0,0.0,0.0,0.0,0.0,0.0,0.0,0.0,0.0,0.0,0.0,0.0,0.0,0.0,0.0,0.0,0.0,0.0,0.0,0.0
stores,oil,0.0,0.0,0.0,0.0,0.0,0.0,0.0,0.0,0.0,0.0,0.0,0.0,0.0,0.0,0.0,0.0,0.0,0.0,0.0,0.0,0.0,0.0,0.0,0.0,0.0,0.0,0.0,0.0,0.0,0.0,0.0,0.0,0.0,0.0,0.0,0.0,0.0,0.0,0.0,0.0,0.0,0.0
stores,residential rural water tanks,-112.16188568350454,-23.858307812065433,-94.75888250782762,-8.699210660577327,-4.204456348814827,-1.6997599928383669,-0.7203202634335879,-73.69796393421673,-246.402490696321,-9.278924783665449,-14.261284709146672,-6.168149968182696,-5.442348484154414,-1.8648485174571963,-95.99097605061364,-89.06869011579504,-42.55447297645474,-10.554777131419513,-12.246536304941383,-4.693911116178425,-5.8321615728334395,-87.63565902137918,-31.27367921312709,-31.334130457297906,-14.85658113836281,-25.92507155479724,-15.74208065084809,-24.55651636347045,-74.76531749223234,-33.68770784518319,-28.06426950304274,-88.72973992885966,-11.879976564522627,-5.073678577577387,-19.141538266729764,-82.46218096624617,-23.20155470450354,-34.30670079798913,-67.11600088564082,-15.572081700420467,-98.6078554689494,-10.262435563601056
stores,residential urban decentral water tanks,-16.299043252320807,-4.577504110157528,-20.199300305598605,-1.833890304559837,-0.8688831443401701,-0.28363416237938005,-0.1341138981766251,-10.856740853120348,-43.570684217484256,-2.252174955384589,-2.966674671000378,-1.2754467497363153,-0.8747429500977448,-0.3270469814928337,-13.823687530590934,-15.199670719264772,-9.609784529759082,-2.2708686315001816,-2.5330134083141513,-0.7530425918114383,-0.9920924449640418,-12.105207145826485,-5.500435766974151,-6.655344389486843,-3.4071162582967673,-5.3059364450949005,-2.634701851790018,-4.29993896161656,-10.8845051225019,-5.882577341022306,-5.722928160778398,-19.276396880381373,-2.614579261564111,-0.865625845888859,-3.547097041316816,-11.98632894227383,-3.976329654550164,-7.092604822774097,-14.059954196863163,-3.5539501549463126,-17.622940318036147,-1.8329341101182453
stores,services rural water tanks,-108.86743560299801,-22.668743268700915,-85.84151698117513,-8.064749769854695,-3.9310851483480604,-1.6023759860929958,-0.6837953363696289,-71.50597808292326,-231.3294454720427,-8.976470612880133,-13.346342536237467,-5.725782855928422,-5.055094198037032,-1.7747511445959279,-92.88632790720139,-85.35863603437028,-40.77244022962876,-10.194965911890844,-11.510111717844298,-4.38458762126599,-5.502602998206172,-84.51244161828046,-29.866125585446394,-30.17846819906783,-14.215090321286898,-24.50695583854503,-14.85020938613776,-23.323995332803335,-72.77745470681799,-32.30205039100286,-26.85212863315072,-85.11450429208296,-11.313830838321717,-4.761942038845004,-17.880724838484962,-79.96768241994783,-22.155082721190297,-33.042473171390206,-64.21909482351194,-14.925071553817046,-92.65080276260075,-9.59077292193117
stores,services urban decentral water tanks,-15.486755519558152,-4.390588986024593,-18.975202933586026,-1.7875344627190428,-0.7858216320140188,-0.26195657421778384,-0.12463559335629315,-10.249967895657106,-42.0875743607733,-2.0786254247262472,-2.8122112408045923,-1.1837200371894363,-0.8150754701420689,-0.30761820736278805,-13.108728991825645,-14.782887251706526,-8.347866259841876,-2.200742696298642,-2.501343015933443,-0.7261894306356071,-0.9563271857793028,-11.449439236486983,-5.328084121753355,-6.288427647863389,-3.250309216114472,-5.069930621634639,-2.6081631314918567,-4.1077066353028,-10.199177604855116,-5.7689045175887586,-5.537536599105624,-17.89282290632996,-2.513749303245567,-0.8534240341498991,-3.326101225105082,-11.368637621997632,-3.8706180050160897,-6.997809943720137,-13.034550513383218,-3.43423042761724,-17.254798864458824,-1.701410438976295
stores,solid biomass,702382567.1979548,798621910.2023895,1260583333.3184955,1260583333.3324928,1260583333.3328156,1260583333.3324594,1259744097.9090352,702381722.2583328,702413395.7089536,1260583333.328179,1260583333.3302288,1260583333.3326178,1260583333.3325832,1260583333.3326313,702382149.8595998,702386961.3910992,848937413.6835303,1260583333.3266873,1260583333.3307445,1260583333.3320963,1260583333.3324273,702381756.6752335,702382517.2974061,702383322.2531931,1111554959.4672616,1260583333.3198915,1260583333.324752,1260583333.3314183,702381726.0630622,702382397.5580963,702381974.5655648,702396850.8300849,1043610672.264496,1260583277.9048822,1260583333.3307526,702381873.4143944,702381865.2112318,702381949.9092432,702392198.2295125,704240958.7206616,1079733424.7535334,1260583333.3323312
stores,uranium,0.0,0.0,0.0,0.0,0.0,0.0,0.0,0.0,0.0,0.0,0.0,0.0,0.0,0.0,0.0,0.0,0.0,0.0,0.0,0.0,0.0,0.0,0.0,0.0,0.0,0.0,0.0,0.0,0.0,0.0,0.0,0.0,0.0,0.0,0.0,0.0,0.0,0.0,0.0,0.0,0.0,0.0
stores,urban central water tanks,-5779.6501460413965,-14111.386332572369,-173834.33999090787,-193341.61060946516,-198160.6475137226,-173779.6501640461,-235845.27375459342,-5528.644722961548,-12136.7268118256,-58943.427764836604,-110238.93794372566,-132641.65531733597,-111591.07096530133,-196905.91571038094,-5575.122446424826,-8736.537312118066,-15229.745675621632,-50431.58208497686,-104734.7647630138,-101021.35324871069,-328767.9561386271,-5544.109852920846,-8560.663630347184,-13314.502117944556,-29683.100939387004,-60235.804763241504,-40992.95543151816,-280925.44493465615,-5574.201842357889,-8615.445001070462,-10892.343611954146,-19145.226566056495,-29981.55321909216,-20746.413370496393,-282617.62055522983,-5568.451971247324,-7779.342616798513,-10026.486009584956,-17535.27726982258,-13131.686983963,-15246.498925300291,-277547.3173014532
