cluster,37m,37m,37m,37m,37m,37m,37m,37m,37m,37m,37m,37m,37m,37m,37m,37m,37m,37m,37m,37m,37m,37m,37m,37m,37m,37m,37m,37m,37m,37m,37m,37m,37m,37m,37m,37m,37m,37m,37m,37m,37m,37m,37m,37m,37m,37m,37m,37m,37m,37m,37m,37m,37m,37m,37m,37m,37m,37m,37m,37m,37m,37m,37m,37m,37m,37m,37m,37m,37m,37m,37m,37m,37m,37m,37m,37m,37m,37m,37m,37m,37m,37m,37m,37m,37m,37m,37m,37m,37m,37m,37m,37m,37m,37m,37m,37m,37m,37m
lv,1.0,1.0,1.0,1.0,1.0,1.0,1.0,1.0,1.0,1.0,1.0,1.0,1.0,1.0,1.0,1.0,1.0,1.0,1.0,1.0,1.0,1.0,1.0,1.0,1.0,1.0,1.0,1.0,1.0,1.0,1.0,1.0,1.0,1.0,1.0,1.0,1.0,1.0,1.0,1.0,1.0,1.0,1.0,1.0,1.0,1.0,1.0,1.0,1.0,1.0,1.0,1.0,1.0,1.0,1.0,1.0,1.0,1.0,1.0,1.0,1.0,1.0,1.0,1.0,1.0,1.0,1.0,1.0,1.0,1.0,1.0,1.0,1.0,1.0,1.0,1.0,1.0,1.0,1.0,1.0,1.0,1.0,1.0,1.0,1.0,1.0,1.0,1.0,1.0,1.0,1.0,1.0,1.0,1.0,1.0,1.0,1.0,1.0
opt,3H-T-H-B-I-solar+p3-dist1-cb25.7ex0,3H-T-H-B-I-solar+p3-dist1-cb25.7ex0,3H-T-H-B-I-solar+p3-dist1-cb25.7ex0,3H-T-H-B-I-solar+p3-dist1-cb25.7ex0,3H-T-H-B-I-solar+p3-dist1-cb25.7ex0,3H-T-H-B-I-solar+p3-dist1-cb25.7ex0,3H-T-H-B-I-solar+p3-dist1-cb25.7ex0,3H-T-H-B-I-solar+p3-dist1-cb73.9ex0,3H-T-H-B-I-solar+p3-dist1-cb73.9ex0,3H-T-H-B-I-solar+p3-dist1-cb73.9ex0,3H-T-H-B-I-solar+p3-dist1-cb73.9ex0,3H-T-H-B-I-solar+p3-dist1-cb73.9ex0,3H-T-H-B-I-solar+p3-dist1-cb73.9ex0,3H-T-H-B-I-solar+p3-dist1-cb73.9ex0,3H-T-H-B-I-solar+p3-dist1-cb25.7ex0-gasconstrained,3H-T-H-B-I-solar+p3-dist1-cb25.7ex0-gasconstrained,3H-T-H-B-I-solar+p3-dist1-cb25.7ex0-gasconstrained,3H-T-H-B-I-solar+p3-dist1-cb25.7ex0-gasconstrained,3H-T-H-B-I-solar+p3-dist1-cb25.7ex0-gasconstrained,3H-T-H-B-I-solar+p3-dist1-cb25.7ex0-gasconstrained,3H-T-H-B-I-solar+p3-dist1-cb25.7ex0-gasconstrained,3H-T-H-B-I-solar+p3-dist1-cb73.9ex0-gasconstrained,3H-T-H-B-I-solar+p3-dist1-cb73.9ex0-gasconstrained,3H-T-H-B-I-solar+p3-dist1-cb73.9ex0-gasconstrained,3H-T-H-B-I-solar+p3-dist1-cb73.9ex0-gasconstrained,3H-T-H-B-I-solar+p3-dist1-cb73.9ex0-gasconstrained,3H-T-H-B-I-solar+p3-dist1-cb73.9ex0-gasconstrained,3H-T-H-B-I-solar+p3-dist1-cb73.9ex0-gasconstrained,3H-T-H-B-I-solar+p3-dist1-cb25.7ex0-gasconstrained-costofcoal+c1.2,3H-T-H-B-I-solar+p3-dist1-cb25.7ex0-gasconstrained-costofcoal+c1.2,3H-T-H-B-I-solar+p3-dist1-cb25.7ex0-gasconstrained-costofcoal+c1.2,3H-T-H-B-I-solar+p3-dist1-cb25.7ex0-gasconstrained-costofcoal+c1.2,3H-T-H-B-I-solar+p3-dist1-cb25.7ex0-gasconstrained-costofcoal+c1.2,3H-T-H-B-I-solar+p3-dist1-cb25.7ex0-gasconstrained-costofcoal+c1.2,3H-T-H-B-I-solar+p3-dist1-cb25.7ex0-gasconstrained-costofcoal+c1.2,3H-T-H-B-I-solar+p3-dist1-cb73.9ex0-gasconstrained-costofcoal+c1.2,3H-T-H-B-I-solar+p3-dist1-cb73.9ex0-gasconstrained-costofcoal+c1.2,3H-T-H-B-I-solar+p3-dist1-cb73.9ex0-gasconstrained-costofcoal+c1.2,3H-T-H-B-I-solar+p3-dist1-cb73.9ex0-gasconstrained-costofcoal+c1.2,3H-T-H-B-I-solar+p3-dist1-cb73.9ex0-gasconstrained-costofcoal+c1.2,3H-T-H-B-I-solar+p3-dist1-cb73.9ex0-gasconstrained-costofcoal+c1.2,3H-T-H-B-I-solar+p3-dist1-cb73.9ex0-gasconstrained-costofcoal+c1.2,3H-T-H-B-I-solar+p3-dist1-cb25.7ex0-gasconstrained-costofcoal+c1.5,3H-T-H-B-I-solar+p3-dist1-cb25.7ex0-gasconstrained-costofcoal+c1.5,3H-T-H-B-I-solar+p3-dist1-cb25.7ex0-gasconstrained-costofcoal+c1.5,3H-T-H-B-I-solar+p3-dist1-cb25.7ex0-gasconstrained-costofcoal+c1.5,3H-T-H-B-I-solar+p3-dist1-cb25.7ex0-gasconstrained-costofcoal+c1.5,3H-T-H-B-I-solar+p3-dist1-cb25.7ex0-gasconstrained-costofcoal+c1.5,3H-T-H-B-I-solar+p3-dist1-cb25.7ex0-gasconstrained-costofcoal+c1.5,3H-T-H-B-I-solar+p3-dist1-cb73.9ex0-gasconstrained-costofcoal+c1.5,3H-T-H-B-I-solar+p3-dist1-cb73.9ex0-gasconstrained-costofcoal+c1.5,3H-T-H-B-I-solar+p3-dist1-cb73.9ex0-gasconstrained-costofcoal+c1.5,3H-T-H-B-I-solar+p3-dist1-cb73.9ex0-gasconstrained-costofcoal+c1.5,3H-T-H-B-I-solar+p3-dist1-cb73.9ex0-gasconstrained-costofcoal+c1.5,3H-T-H-B-I-solar+p3-dist1-cb73.9ex0-gasconstrained-costofcoal+c1.5,3H-T-H-B-I-solar+p3-dist1-cb73.9ex0-gasconstrained-costofcoal+c1.5,3H-T-H-B-I-solar+p3-dist1-cb25.7ex0-gasconstrained-costofcoal+c2,3H-T-H-B-I-solar+p3-dist1-cb25.7ex0-gasconstrained-costofcoal+c2,3H-T-H-B-I-solar+p3-dist1-cb25.7ex0-gasconstrained-costofcoal+c2,3H-T-H-B-I-solar+p3-dist1-cb25.7ex0-gasconstrained-costofcoal+c2,3H-T-H-B-I-solar+p3-dist1-cb25.7ex0-gasconstrained-costofcoal+c2,3H-T-H-B-I-solar+p3-dist1-cb25.7ex0-gasconstrained-costofcoal+c2,3H-T-H-B-I-solar+p3-dist1-cb25.7ex0-gasconstrained-costofcoal+c2,3H-T-H-B-I-solar+p3-dist1-cb73.9ex0-gasconstrained-costofcoal+c2,3H-T-H-B-I-solar+p3-dist1-cb73.9ex0-gasconstrained-costofcoal+c2,3H-T-H-B-I-solar+p3-dist1-cb73.9ex0-gasconstrained-costofcoal+c2,3H-T-H-B-I-solar+p3-dist1-cb73.9ex0-gasconstrained-costofcoal+c2,3H-T-H-B-I-solar+p3-dist1-cb73.9ex0-gasconstrained-costofcoal+c2,3H-T-H-B-I-solar+p3-dist1-cb73.9ex0-gasconstrained-costofcoal+c2,3H-T-H-B-I-solar+p3-dist1-cb73.9ex0-gasconstrained-costofcoal+c2,3H-T-H-B-I-solar+p3-dist1-cb25.7ex0-gasconstrained-costofcoal+c4,3H-T-H-B-I-solar+p3-dist1-cb25.7ex0-gasconstrained-costofcoal+c4,3H-T-H-B-I-solar+p3-dist1-cb25.7ex0-gasconstrained-costofcoal+c4,3H-T-H-B-I-solar+p3-dist1-cb25.7ex0-gasconstrained-costofcoal+c4,3H-T-H-B-I-solar+p3-dist1-cb25.7ex0-gasconstrained-costofcoal+c4,3H-T-H-B-I-solar+p3-dist1-cb25.7ex0-gasconstrained-costofcoal+c4,3H-T-H-B-I-solar+p3-dist1-cb25.7ex0-gasconstrained-costofcoal+c4,3H-T-H-B-I-solar+p3-dist1-cb73.9ex0-gasconstrained-costofcoal+c4,3H-T-H-B-I-solar+p3-dist1-cb73.9ex0-gasconstrained-costofcoal+c4,3H-T-H-B-I-solar+p3-dist1-cb73.9ex0-gasconstrained-costofcoal+c4,3H-T-H-B-I-solar+p3-dist1-cb73.9ex0-gasconstrained-costofcoal+c4,3H-T-H-B-I-solar+p3-dist1-cb73.9ex0-gasconstrained-costofcoal+c4,3H-T-H-B-I-solar+p3-dist1-cb73.9ex0-gasconstrained-costofcoal+c4,3H-T-H-B-I-solar+p3-dist1-cb73.9ex0-gasconstrained-costofcoal+c4,3H-T-H-B-I-solar+p3-dist1-cb25.7ex0-gasconstrained-costofcoal+c10,3H-T-H-B-I-solar+p3-dist1-cb25.7ex0-gasconstrained-costofcoal+c10,3H-T-H-B-I-solar+p3-dist1-cb25.7ex0-gasconstrained-costofcoal+c10,3H-T-H-B-I-solar+p3-dist1-cb25.7ex0-gasconstrained-costofcoal+c10,3H-T-H-B-I-solar+p3-dist1-cb25.7ex0-gasconstrained-costofcoal+c10,3H-T-H-B-I-solar+p3-dist1-cb25.7ex0-gasconstrained-costofcoal+c10,3H-T-H-B-I-solar+p3-dist1-cb25.7ex0-gasconstrained-costofcoal+c10,3H-T-H-B-I-solar+p3-dist1-cb73.9ex0-gasconstrained-costofcoal+c10,3H-T-H-B-I-solar+p3-dist1-cb73.9ex0-gasconstrained-costofcoal+c10,3H-T-H-B-I-solar+p3-dist1-cb73.9ex0-gasconstrained-costofcoal+c10,3H-T-H-B-I-solar+p3-dist1-cb73.9ex0-gasconstrained-costofcoal+c10,3H-T-H-B-I-solar+p3-dist1-cb73.9ex0-gasconstrained-costofcoal+c10,3H-T-H-B-I-solar+p3-dist1-cb73.9ex0-gasconstrained-costofcoal+c10,3H-T-H-B-I-solar+p3-dist1-cb73.9ex0-gasconstrained-costofcoal+c10
planning_horizon,2020,2025,2030,2035,2040,2045,2050,2020,2025,2030,2035,2040,2045,2050,2020,2025,2030,2035,2040,2045,2050,2020,2025,2030,2035,2040,2045,2050,2020,2025,2030,2035,2040,2045,2050,2020,2025,2030,2035,2040,2045,2050,2020,2025,2030,2035,2040,2045,2050,2020,2025,2030,2035,2040,2045,2050,2020,2025,2030,2035,2040,2045,2050,2020,2025,2030,2035,2040,2045,2050,2020,2025,2030,2035,2040,2045,2050,2020,2025,2030,2035,2040,2045,2050,2020,2025,2030,2035,2040,2045,2050,2020,2025,2030,2035,2040,2045,2050
CCGT,48.600056101804455,69.2185169806394,200.7653179602799,203.21130569480746,236.17972222099286,177.04717013242865,182.0482212392199,48.60006920981663,44.019678818673086,54.34135312640403,65.16174359128746,73.46303795241404,78.61016798937088,203.31638413179473,69.7971395597946,80.51842677127365,211.1495412725113,214.75554879216617,239.5320971056025,134.11322822979295,177.60585204019256,69.79679694235237,74.83722621057245,83.52598999823516,81.80877512248878,83.04075547185174,82.2015270280656,231.0991392573789,69.86801420022461,80.76543802793833,211.36993576202266,215.1050948173365,239.97883522893162,135.03183824732668,178.10053436674573,69.86795794334395,75.61027982935228,86.19229803361672,84.0489647149632,83.60332144032034,83.3618163400462,210.38063461940922,69.97030258500035,81.07388066309764,211.72329112043434,215.6226919211504,240.04931254001008,136.14015425981015,178.71456995322436,69.9703473793944,75.87824181672595,86.92671836276244,83.92454867849884,83.61253810045996,81.98913778723659,207.0641848888061,70.85227217063822,81.27045893230361,212.3648664631548,217.5459949876666,239.78881005824312,137.6597423361816,177.34208990907982,70.85247581218471,75.31028092510418,86.96314031873175,84.18767751305316,84.5063798828448,81.54031940537504,206.62337990351935,80.11229517139105,81.48472131858095,212.23075343965198,219.4990142450619,239.03402561257627,137.50163335118893,178.62916968191035,80.11244101108358,80.16056903162966,84.21897593985611,82.58107589159076,82.82294124022233,83.13941392396357,213.32813719875142,85.91802658448835,82.27115797616379,212.80044271384946,219.66108407060662,239.55203445766296,146.81465719399782,183.26092082549755,85.91826018000867,82.27129418580311,84.02853052373978,82.5924543032618,82.58762653218362,83.2563832403423,213.47206958038268
DC,35.377329850714716,122.6409266491272,19.11082101547182,20.42622241954929,16.480069673284902,-8.242470202175761,-0.5312367319867719,35.33588647128746,2.4494232994919676,70.7363732582174,84.68967678916249,154.8737117940993,-211.54195555331327,22.769713764534266,89.23903998043542,196.19487659822363,4.634504826592577,12.330748887567799,9.98254175952854,-9.984841991459191,-4.483792340941378,89.37637379054803,82.04452990942411,110.49660310679357,122.78238418905764,281.60635850126334,463.9125134974298,20.96665276622251,89.52339371061468,180.54569970108514,4.637186023736965,12.217879934636338,9.761533349277217,-10.248034921277256,-5.211509830376369,89.34069578714595,83.2974288553915,119.56663648190005,124.07218109349743,247.28117001582248,320.9625736576056,19.438127166121387,86.24949909403166,192.70515542824194,5.1005428415481635,12.110946024667376,9.892014464123482,-10.151624309723617,-5.37922003537458,88.03038410399435,131.374730043235,119.74880311666047,121.19544589002233,224.78039375598829,296.5948151798099,19.440054661294255,71.73084681247008,178.3361018259364,5.486090729141937,7.765707451330855,7.800154471623329,-11.586355678306454,-5.700286693010443,71.8687404086583,86.72440024268714,109.54526656675817,126.42958931480278,225.31958383457248,307.77240371379736,19.4943864716189,140.24451892616017,162.35944169040843,6.871695131862275,7.792212808359472,9.034095536110229,-8.859004507138774,-32.57554139676707,140.87724608719336,138.93132478965083,166.41821182137423,150.78891356323692,241.4155871707374,887.9694039293702,22.005029366902455,239.1152316854453,206.4772764507551,8.691160447434156,8.74341294999324,10.163540183721976,-8.529482444942792,-67.69443638509216,238.72777212733388,206.50206331047795,388.8175691988654,758.7921737995318,540.6631875304713,-853.6362230130709,22.345226456335705
H2 Electrolysis,43.885367609715594,25.581006569502016,39.85168174705302,41.32789922334757,39.16153859527391,16.507590530077213,21.760998778154306,43.97474747935121,35.93843606754851,27.868026494430094,19.508608985401057,24.122298366454928,26.692400138636174,35.20554063808135,44.1654164382612,17.572222184265225,39.35931861448868,41.17839557137635,39.10716653268237,16.529235171468972,23.335335427406054,44.63492139162247,17.45919305680908,18.885088393553005,22.63155440859854,26.923089704361864,27.60623204481275,35.18618507255521,44.006892759989455,17.538065003488278,39.35752365507574,41.17396363838571,39.111255569813416,16.528303180244023,23.332298148267224,44.445758883403904,17.592533242216536,20.80771326762645,24.375984050645652,27.257152946837895,27.862843010197437,35.165579734090166,44.09987620523866,17.74799343698027,39.35338417726878,41.16924488474987,39.111101902945066,16.52907175513135,23.33235980479762,43.55367727635351,16.617798687863672,21.609597560004428,24.488300190383274,27.192047145411248,27.832497232942895,35.16683580911311,45.956329137147385,18.310553569831708,39.34374992318426,41.16230582742362,39.14019862933013,16.532952966360764,23.673917761950413,42.8786093095589,15.977411614757143,21.02847477392438,24.307347901787292,27.33326714287817,27.940679657247294,35.162353806376686,27.05075601242024,19.3600761148999,39.282761561343136,41.14333222867124,39.138651441002686,16.579536157158905,23.879788819509557,27.43551247121047,17.746732270307664,21.614485708551705,24.11818704178728,26.737481847646727,27.5593593858814,35.18979167982963,13.646957156400825,19.292047412052543,39.2670706065959,41.142867240846776,39.084912648375756,16.572957405884058,23.93227869054642,13.626618168261748,19.293713242068605,20.960499306300196,23.8193134840222,26.67349883389758,27.621476505314796,35.17419423978913
H2 Fuel Cell,47.121041640850976,65.0567061262429,105.83128647486292,105.85179775180231,93.68596212931381,92.71628178341943,101.61366014382892,47.10353527914507,43.70104962518132,52.24385820237898,58.4522233173958,64.91652759131486,67.79489599310342,210.2046711637815,55.26975813875231,69.89315917461052,114.57043497409875,109.63374964280507,94.74329668604531,91.92521575096659,103.95023135691225,55.303830564640734,62.305736140858826,67.6193265237562,67.35736288810936,67.841728423487,69.7804582035605,210.34930755241837,54.84029693104032,70.75985717630185,113.25331910980219,109.24636718513722,94.54303953141678,91.88624036874033,104.00507318867034,55.288695352916406,61.932255370093245,70.65843966160124,65.73588248175614,66.79652137340632,68.47188792731541,211.08130270121148,54.72025649181255,70.79699679221474,115.8457290512908,114.73596151376739,101.22567566194321,91.76863451747955,104.05140387211742,55.13104371231117,62.810508253756694,69.81203256595077,67.74312040400353,67.13208278341389,68.3222926614265,211.6020630523094,56.14047615407219,70.95230989103523,117.69068111185587,108.63618347848981,97.9271853070082,91.47051692625864,105.37363534713784,56.65178204636547,62.39588445472292,69.82217251208628,70.93246483680538,65.51018517528809,69.49102622261876,211.22362500922617,67.88838270674397,70.63378831499665,114.32439783093989,105.7702137691895,96.93086456360619,88.88851823103163,113.29500140226405,67.596852546124,68.8128103947942,69.43105800697809,69.13318307644596,65.67360625970159,64.9095268784799,204.92926126778895,75.32832658916132,72.99680682171925,113.57751960569641,113.03898983384325,95.65685816252505,86.84525453728709,112.92728511714898,75.44310256289133,73.04967008400187,70.9888705311921,67.97045850538952,65.40304133119625,67.00620625694836,200.04160733832592
OCGT,104.73488530244114,90.53929547657734,315.4792643698281,354.424050397329,470.0325771417175,435.25682059154934,352.3250427494564,104.78284490108445,191.36880153821383,126.76181856848775,149.51643915367836,132.38858370559075,142.61997416299354,279.50078836100295,161.65359690190257,110.55521667396935,323.85679109285365,359.72121933126886,420.5877579071372,436.9555315926406,360.95578887218545,161.58848222889927,387.50608369498525,220.66917209310012,190.89434831011906,188.31230984488397,129.65809910320075,273.1134217352939,168.3406881919877,110.32010688680506,325.99579682256,361.08510789449343,421.35285021882595,437.77665246319003,360.5933323226645,168.3231847383428,195.6227090298763,221.2129166085335,183.1237879635126,186.25327879438618,138.66519541872458,276.40366192492377,175.16464097612942,110.06957673501859,329.5516304204218,364.5994157668667,420.80564814733657,438.98193190204563,360.33914767425534,175.09393043439698,200.88212613749354,227.24298998979654,185.89389119476309,187.00255707002415,142.8065790589075,277.5113902686504,161.7843061312785,109.86162942238028,330.0723479085376,372.00976173896834,422.9641100384664,437.59860973360014,352.1306424245345,161.8446829021662,199.8217810845562,230.65293684387643,191.07707992695018,152.12617155143414,143.54932179141892,277.5546761600825,148.12688023555035,119.91409013270484,331.9215448540282,382.5891613011071,430.0498210479776,449.98640866517036,349.4173329552244,148.1437114920741,115.34151404873997,138.99896531004586,147.12812218965533,140.94544744740134,138.819366694849,281.07848817557334,140.551340141872,136.16273454180447,343.9058502246208,394.61991940101404,409.68643385149346,455.9296673046598,348.01000411904226,140.56137327542064,136.16241003398022,150.7731465013156,153.03275005985512,136.17274414244366,142.79774385903747,277.06976158931116
battery charger,46.06200283435743,54.83133741618461,50.24620753417949,48.20710282421937,42.8180090026786,25.928542051395386,28.869919188034547,46.04422321391749,41.39322017423874,41.959246148696685,35.55947403557249,34.92237046463056,36.22782744108071,43.07780980415521,50.12584252735053,56.78642833535947,50.42373652831427,48.06855654683275,42.90311613191795,25.794480063223208,29.916979603166574,50.092194518689624,52.78899941906934,42.76528012263338,40.19476786990449,37.760235242951296,38.73184918718784,43.16905589518983,50.17685337456662,56.327463314003595,50.42822138532506,48.054671484014364,42.93831884121167,25.76300838661155,29.921965673973027,50.087514610022865,53.576211819183634,42.942517288596704,40.02865073257547,38.1770424588397,37.75749598376647,43.115661372002194,50.187448484228625,56.87440746944068,50.43611190880132,48.056685491637296,42.94954340577112,25.74822879266723,29.90902401128501,49.987427628255524,53.19998357665954,43.016398523606995,39.9368468777605,37.720763734607225,37.50991506723192,43.02843739589691,52.03222865227677,56.46532599759666,50.467684430960645,48.08173474661827,42.96536829526428,25.776266774159907,30.576636796851894,51.96583027308934,53.949307030450896,43.043623025054444,39.94434700679343,37.83057259063718,37.52628055484366,43.03666073103792,50.15071461639229,56.613904503536034,50.40046177360458,48.08493204252869,42.93861244871732,25.86151356836324,30.83015327571617,50.90863712471695,56.16689877065176,43.34551623037351,40.10739120163569,37.50962857518905,37.08779873746883,42.91885329619541,36.0074759257427,31.97054199028874,50.368350138963685,48.13274929943136,42.89833724673264,25.832373652321383,31.88407283234995,35.97251102668609,31.982174890364092,43.34338245599685,40.228522977984525,37.780425749147795,36.93225924725541,42.88266363993919
battery discharger,46.65884906328595,58.98778630890013,100.21348144665453,90.00512605224908,74.09138177536492,45.98108299390976,46.49443110591605,46.67337969905859,42.798084964158335,69.69304800292296,79.87415084082062,66.0490902514472,65.1492665304674,68.87890713364563,53.33069956533909,63.87646181826421,100.41654356880801,90.13485151851378,74.03224381336216,48.11237701543906,48.18988267035221,53.03768244493993,57.99814635232033,99.72788448504804,76.66934399881195,70.42590840245819,66.98699405964065,68.89081340378226,53.05367371449464,63.368817222002086,100.42301701019265,90.11946654594695,74.05031437064825,48.08517973280815,48.205392690411195,53.27477090754043,57.702675176467416,95.91705193172288,80.04712665540039,69.91809275312347,65.93902117485607,68.82623724657813,53.00421230035379,63.9885743626944,100.42800263544092,90.1147297334945,74.0513629826386,48.07405080082498,48.225773222553094,52.969766965421826,58.55020642234489,95.53680122699944,80.13709580009764,69.70699615654812,65.66941561160331,68.75408581967469,55.661756320438464,63.91019795517467,100.45887828106642,90.1160291480069,74.17185900153348,48.12510191025274,49.19793193889762,55.28202029504184,58.75396869874697,95.6180096998076,80.14241653113667,69.87226089721783,65.6610477760565,68.73868979414881,87.53807506884755,64.35553122952248,100.41215504163125,90.09167282140896,74.16219170020912,47.99520593616375,49.69967837829445,84.49868093594381,61.98523044923328,95.60770515966217,80.08366438941752,69.4507100647874,65.36091547909109,68.67376570190979,146.06737048959573,94.54830580463782,100.36135729820288,90.09400873120344,74.15005258313188,47.986851923199936,51.518536653428605,146.2612780404698,94.53054638111759,96.63816784452372,79.69173508388687,69.8455457586306,65.45213811043574,68.58328512201979
coal,46.952910271656535,97.86081729479919,521.1302300478806,456.9671832756123,476.75327315094603,772.2785603517783,629.9152387742665,46.952886545910445,42.98657343177773,50.744726631482365,105.1347232539354,333.939169345782,442.00973893033563,72.01043620001126,50.88067454463558,88.75672000243777,439.13800195661844,442.8298708401706,571.4030410305694,748.7045129973611,617.4288202596703,50.880567441808424,58.376577952756364,65.07539381066498,73.73936536173184,106.7015378476632,209.72454014949477,477.92128055984864,50.82071214769355,92.01696395884616,443.74709124236097,448.31502310606555,574.1407614887996,766.6898499016152,617.8826587392666,50.82066507230914,58.628672310089776,64.54025789318064,66.69364741611577,128.77828509936123,380.850831472705,72.25335777006049,50.74580232819946,96.83142657645489,451.4564113741706,455.7851552385692,580.2129537366809,786.3440191396234,619.5034190970904,50.7459189639547,61.083949340899295,66.38961215515151,66.08237000055527,145.5707647955665,460.78313917042414,71.98057463932393,57.18746436070239,104.89491302886391,464.3017263529561,472.3881989293105,576.2950121056105,799.1554745073481,605.6787009853361,57.18741792360087,65.15555055660884,72.13193379987023,71.64237103883211,211.3931247113255,468.32783739007425,71.04211651590059,108.60524576105853,153.61611187918228,516.3315414370367,529.5792236170266,633.2782478649505,862.5217123186349,678.4236955337631,108.60642186009332,107.07806067269975,170.75952843820994,283.5309013114549,416.34366555215115,468.78999643469234,70.06964858166084,250.22461797907326,265.988346582683,674.8451337339401,1076.9113315916723,679.9262888064854,840.9037440615382,680.4368363182994,250.29488634316496,265.98837515327506,309.2398036650001,392.7548845652458,463.41633001191303,485.8864880516351,69.05965072155054
coal CC,46.9045575537665,62.82729193512748,81.20293999113326,80.8801830539591,74.54256690514093,46.98638933444414,52.65260612878443,46.88042080934992,43.163191476061165,50.22500346417496,55.65566795537004,58.42308702829384,62.6336695001738,71.41005171565524,53.39130954956211,68.60785222664826,86.15958705583678,84.37959619059971,71.83388773550107,52.56232392722792,57.82709523949642,53.380083623461246,60.49101266335716,62.7562568485777,61.76335337063196,62.39192938645902,63.71574928994157,70.3519576241573,54.1584143418692,67.8429121707216,88.92354094828593,81.23586876375192,75.67070566043414,57.473536800584775,57.83649972283638,53.282298156545025,60.42260534181678,63.2735144271299,62.19628793070893,61.02908251842894,63.68907707143904,70.81796758261669,54.442890222126245,67.36173649922414,89.19686710325927,83.25524710181487,70.8886673629863,51.181415746649606,58.7277188515947,54.5526618735761,61.6776911733632,66.24163221277091,63.689984381125136,63.20721455633799,62.33434505892962,70.60914003337257,55.32607567173102,68.36023541276562,88.18751337346221,82.76177023535351,74.55444591698497,50.67061618778215,57.612923682229315,56.01361755415449,61.527239414184734,63.501150212159374,62.86839144471069,61.9768370636899,63.69157966118767,70.10812016221617,65.7986279781815,67.9613872683424,84.15246133735755,81.1725750432942,72.43759894152994,50.27797434198813,59.91561178633106,65.89165249048376,66.20090419346958,65.06539207307866,62.57701553222947,63.27082202389731,64.03787972605075,69.07945361454387,71.06522532387098,67.97972134635374,84.26486109632262,77.05254857556979,71.87556059266473,58.00474569266519,65.33713543756902,71.1037237847453,67.8227714856262,67.20117446271415,68.26933064654088,62.50423450754538,65.73286302464791,67.95359082296386
electricity distribution grid,45.99837552451732,55.314885234843175,68.2234734309278,65.4575084048407,60.41171650253595,36.104305460173585,42.11931090717019,45.99835578502431,41.80838931352822,46.9521794521269,50.810197914690185,52.91791818954858,53.662084783892446,61.580972085696764,49.70780383191865,58.39141415095053,69.19062965939484,66.08295985828181,60.70169222930653,37.0232833766773,43.26714075126224,49.70787068588941,54.006407654278696,54.88990234815015,54.43526937754436,54.684580482737786,54.43110382584701,61.57437895318719,49.66535380351507,58.4528060622329,69.20260901855126,66.0996027413397,60.7168986251385,37.00999241739562,43.26828641704434,49.665280137449116,53.965775637407965,55.41428431244106,54.506354500246864,54.516946076423444,54.164878682046975,61.53436228094985,49.61232166154365,58.52628772082019,69.22925608072269,66.1217518479385,60.73262342514267,37.0022276066885,43.28843482069877,49.61290235614065,54.1179195968434,55.615808529336086,54.55154138751274,54.362894036372964,54.066720237406,61.53799587255071,52.041672756797524,58.34045392793157,69.24734907442436,66.11583803905289,60.76894880476651,37.0418302853546,45.04000800172155,52.041811536354004,54.033452246995154,55.67667783349058,54.702678989820164,54.42352013691644,54.04152204017076,61.530606010329315,59.10994711601044,58.440060972041884,69.27963541014026,66.12362630426827,60.821682457521995,37.30986207534597,46.340937433230295,59.110376843253015,57.35242906816081,55.84719507007371,54.76456035168309,53.77713926864642,53.53055956497079,61.590132486144356,62.37504208866114,58.475460245372446,69.30294674819919,66.09723753746917,60.794476682561736,37.26371429635887,47.73942372218475,62.37496352833409,58.475487787331495,55.961949137219946,54.819896261823345,53.57286967457072,53.09025506372182,61.569051790210864
helmeth,45.78261110559003,53.8242596938255,53.60186007586686,52.11384289946614,47.88721804203042,22.275619739576634,27.374697995139154,45.76848873781158,41.301775358657956,45.30948400667664,47.144292005055675,47.153237318466566,47.56196944089976,43.24793610404072,48.19631494394316,52.451460659685075,52.269371806089474,50.86187121413695,47.10165095713442,22.354551710373038,28.477425032844273,48.356087664185175,48.35616370114921,48.784794840888125,48.67035025104735,48.95165164645238,45.05840624223829,43.352740168412545,48.689264734818515,51.4313109952901,51.66374943522661,51.05184390475322,47.85884421734638,22.26112924299681,28.34022115126981,48.14711444554044,49.83175325143412,50.104517079326,49.61093448319237,47.20088165291905,46.37327128542997,43.38382707956557,48.39979771060299,52.17353104534834,50.611954471309474,49.423672376025955,47.12011921085139,22.198346369948474,28.207016606729834,47.99765429940532,50.15818070830954,47.5477670048113,47.45915514059056,45.60067629752374,46.73038676916884,43.319422052947395,51.47663378754665,52.4338298506626,50.7266719960465,50.6555537897762,46.701155055964996,21.99839761365682,28.21709562955713,50.077570422703374,50.769488874198814,47.65801535206364,48.446028875372505,47.51297219454581,45.18950730502591,43.548711867892166,52.883462147204355,53.09752358887933,53.46603963031448,51.23594350699548,47.43505902290067,22.93154774710349,28.993613256468368,52.29849042762153,51.488349877978585,49.85745121929891,48.159698617402384,45.57447865627547,44.06491835263133,43.949292864699515,52.972861232589636,51.221637281825636,50.853350509381556,50.58070090903781,47.63395048350027,22.15788290063184,29.16267796214823,52.87740077347109,52.024223027508256,48.75935819412953,45.85558260261826,45.28328915864433,45.300949193491476,43.810096283242686
lignite,46.78983536592826,93.86388765185029,98.34865341366682,141.27585124997248,464.7663568254983,1110.1363194054825,552.0486169347249,46.789794245031686,44.03161253875734,49.67698030405836,71.09892669073365,177.09125710961047,372.12827851706373,79.42909730127789,48.417070431013485,84.70964896641033,479.6617029253218,480.3852889615122,644.2155827009717,1143.8152107850424,669.2230689774294,48.41712701812033,57.59483591870268,58.819287609686384,67.09332814048925,106.39356210821279,465.4460531015503,79.9247182015038,48.3480979477668,85.45635474206657,483.6430811391727,491.01325568898704,636.242402700805,1118.4152803707846,694.5445474067168,48.34802183050122,57.87573241439734,59.109512854548775,59.18330395590421,95.73047967505191,444.4560899171632,79.83460654536157,48.25880872248961,86.2260886720552,488.341252103686,496.8305606678737,637.4775210681145,1093.7078326633032,709.982811502547,48.259014212230895,58.3754718272161,60.05041103144592,59.29927865611079,89.71577781434443,451.9254583555374,80.00768154210738,52.14834676395329,86.86224850669423,503.45402800054904,501.90080337065433,625.8202561415037,1092.8388985706772,678.786872837252,52.14817811487911,58.71866318732809,61.36228456029467,60.97766841142175,86.49171096797781,488.57627523304654,79.40493408082891,65.76970148240456,87.19120992761607,511.00465041820564,493.54406238643156,534.6459364108927,594.5866051789149,486.0798919200487,65.76974693109929,69.82463035441862,70.68462357509321,69.71731549751883,84.7600762861826,482.61466709005975,79.07097710500301,95.67801032651707,101.12057998538549,577.6356690639535,569.0352083360633,528.8749122314987,596.4082913470863,523.0200883074104,95.67814108615805,101.12110879803924,111.58384896668154,122.45258243001186,205.78353217706544,477.0616377897395,76.96812544181616
nuclear,45.502397397001324,52.411253401124554,64.91847572776143,62.3741204930423,56.37937218554112,31.91774543904613,36.89028115506015,45.502328246670196,41.252596953093395,44.71611384363999,47.98012469695439,49.24121573511002,49.75555584357597,56.18864715789481,47.056747043829716,55.643198887272995,65.60105651296027,62.81014742933044,56.53981837474352,33.053708524285376,38.522566069726565,47.05678062202531,51.27262094016323,50.90269115346074,50.830588161373875,50.6857376767682,49.88541564985488,56.21515906406615,47.010448852564636,55.652835666404414,65.60584583945696,62.816813638757914,56.54514047280251,33.04184280391051,38.513410691685515,47.01034193965995,51.13140765175911,51.00103233205406,50.53181478155873,50.594186214630234,49.92124150175414,56.19731709640897,46.94990027520493,55.66616405837296,65.62030062815255,62.81607353032692,56.55053036515979,33.036181676155735,38.519415261666694,46.95007490532404,51.138339974721426,51.08611843250891,50.604609849702,50.47242497515914,49.93284508198972,56.195475241324345,49.70803867453932,55.39165357486818,65.62539243582783,62.79826152362483,56.58634660250753,33.050684678190876,39.71009541384035,49.7079729627396,51.252338903087704,51.23972182135684,50.79190716926759,50.478772701659246,49.93553099810924,56.18292017700357,55.753526810656325,55.45664235266912,65.69116442396866,62.78681511195234,56.622102834245005,33.56463883087669,40.705094222929795,55.753581853525475,54.19216018008301,51.60365877354004,50.746814326747504,49.74375691903984,49.53506889606777,56.21983445441856,58.74261991983273,54.839692763242034,65.70080365202824,62.75070987083353,56.5320929085128,33.69108470061425,41.95410007764098,58.74258538004964,54.83958838088731,51.46843237806289,50.85605015473317,49.590883172003544,49.16264981564452,56.273023521027866
offwind,42.14974117703279,43.1352731242102,52.33500479501779,51.631734337998225,47.00597949653192,23.561788960713827,,42.14981478428108,37.18595547628813,38.95329587588419,41.37923452149275,41.731311640383794,42.56906448281606,,43.51201491146748,44.85146674362818,52.18696791113327,51.69415889329218,47.16979703785403,23.944001130978474,,43.511744007836946,43.39469404679317,41.66799264932113,42.65953486076263,42.20954148428951,42.30390514795062,,43.49070847133109,44.856246619707456,52.189446268710505,51.70098310965474,47.183537667277534,23.94403513739328,,43.490599639159036,43.72454571510944,41.74142595697901,41.99215148731742,41.99974696405299,42.10105459029484,,43.47729838010089,44.878961970566,52.19417309329758,51.68725939133416,47.18450056619316,23.941655015706274,,43.47772017425048,44.33134342764692,41.81432663197447,42.041590120339265,41.80777750516604,42.00594451198009,,45.32727280171785,44.53607982242911,52.20142865169877,51.67454829501578,47.218837176149535,23.951742260771667,,45.328068961632965,44.219205869310635,41.9647697786406,42.31661956480025,41.83939706419286,42.01685672979991,,47.03156731204895,44.772831816114405,52.225153844607654,51.65171354127618,47.24710733212057,24.003059873581368,,47.031159911969716,45.15140886176937,42.218323359173375,41.84855869607622,41.14089759666964,41.47087529416525,,47.46363169791225,44.40870802804876,52.18955439686501,51.638286446380256,47.16919256074278,23.936357387842776,,47.463206059907435,44.40841769139276,42.35719102626153,41.934831529030205,41.01066033127991,41.330936846435335,
offwind-ac,43.8954362303893,48.65084323014209,51.56982711832641,48.42575874848035,45.20666814290653,21.108592710440487,27.36361764270738,43.84671665761542,38.98411392538718,42.41082571678913,44.74658138384691,44.787706552319186,46.969075310588664,44.77838741525491,47.17010383998385,49.467500771706,51.691569410218364,48.32788026510868,45.15757863783919,21.340225116771656,28.790555511361443,47.1664998276779,47.28735538296313,46.45446238160099,46.006723383591634,45.7943785477737,45.91989401123174,44.73442269672383,47.16590792465308,49.45431957466327,51.73153232572228,48.345847974066885,45.16644321148268,21.33910599101356,28.789916522367214,47.163845262266754,47.398676058203996,48.20430874942343,46.531488244620455,45.16524051668553,45.66255732164173,44.68812074175036,46.96065381352421,49.44452331458064,51.700649328012965,48.33698236418888,45.17234099492064,21.338750303711386,28.796673731842564,46.85730616056638,47.456375202115375,48.23935297602099,46.72426290693886,45.15408974944925,45.5314192518317,44.70872897724651,48.35775149072355,49.33404475809599,51.78758370453919,48.337602964095446,45.20979627109751,21.34611722084985,29.632707391725067,48.3593994794611,49.39136429180289,48.295662713096796,47.0336566961002,45.246568863025786,45.50464016138531,44.68699547598425,51.02586650440587,49.26454512545444,51.78389710768787,48.349530875378235,45.24643770422586,21.510539115473883,30.20661170925969,51.02555684110362,48.43519269100175,48.12674204208963,46.24028329463835,45.22770792905554,45.0209547063278,44.818477296392224,51.80909722178664,48.8336335605861,51.79442340308704,48.33492571418716,45.18461226885469,21.53020322973059,30.969923487032215,51.808793151972814,48.83486707422616,46.462318268282246,44.944772806352674,43.60785046055419,43.69007566707711,44.843846804353454
offwind-dc,44.19024415677253,48.153967910625674,49.61333872917618,48.207946872861086,45.37398144764233,21.00748557620168,27.2463541008293,44.285935956307284,38.95221730258273,43.41091590570856,43.82226997041236,44.255550297564334,45.01757057836335,46.78665618775572,46.000866156455984,49.5589710142414,49.995239050044724,48.21699024364325,45.362954091532664,21.212424965852964,28.672747689610528,46.00051229266331,46.28189681927697,45.36587712838901,45.75297504154939,45.492250574860115,45.38885501180444,46.77858593951395,46.000825586084744,49.56990835657661,49.979001879036105,48.21473597470147,45.37021778022343,21.2094356420437,28.67122337251154,46.00074795896499,46.22627516736822,45.45393792923838,44.708257227327685,45.316854305637854,45.37312470547689,46.78773969044318,46.00024644654068,49.56788478573867,49.99578344297662,48.23603397201,45.388260946602834,21.21519979698993,28.681545707627887,46.00028295345121,46.17072650875106,45.72468307075574,44.75766564081747,45.16728616121355,45.35590713964245,46.77893613720101,48.052971407641365,49.67751960074266,49.95779565747941,48.20931102728022,45.4056817311411,21.225703437288132,29.359989570835523,48.052958098557845,46.71554193857948,46.10602223058381,45.19367080246412,45.17608413362362,45.33299219271803,46.90649693775109,49.32590022875363,49.69103397050876,49.98797478163968,48.19457960912865,45.4048300029213,21.347622863777307,29.59880225184802,49.3260584306774,47.86254362054009,46.286554999087066,45.23447314298744,44.29987261014136,44.70813210941832,46.83563422788879,52.35837482410009,49.83510479580633,50.123766137890684,48.221089391534804,45.36066496739348,21.340944860761578,29.615120884912,52.358119151242114,49.834998939340565,46.80719545908114,45.49496049711096,43.95393834322855,44.32910670959879,46.81385556727063
oil,1210.2007922686807,230.1354454852784,1234.3712081809688,98.274827670743,845.8929043523574,,,1211.8516928402335,299.20508055346335,1005.5472205152458,620.8244656286616,587.4400535358897,,,1404.125507728827,223.18077952871053,536.8563182684697,441.63212071325,1017.5503634845401,,,1400.7159424681322,184.6148091370602,564.9523129193323,644.5165957593874,600.8998669907588,,,1466.9212524288819,219.81250013318802,540.0897189211915,446.2212201893845,955.0374609576169,,,1466.0817581709669,231.58897136551366,608.5361577012967,596.853233527524,748.8692962270098,,,1550.7988823523226,218.9467690568219,518.1393409669391,443.35048152251625,881.6936748356223,,,1548.557373220721,626.6798369768724,766.8391438900255,591.261259994557,747.7658921460347,,,1336.1820673920877,215.08695682279676,452.48339151347915,445.0984486187032,630.1700005755632,,,1340.410322761778,237.87428087459992,804.8305961619234,640.0250259058463,725.2433477356165,,,2518.8118185346575,192.30186478281783,492.12343437445804,476.48389324065386,553.9019642772688,,,2518.40145950274,193.02275438019987,516.8084677316583,508.57593771749214,737.1679139737126,,,324.64068092520364,197.4355892355835,536.217094939834,529.938178192289,550.2805832849059,,,324.6248487186432,197.43583215721262,234.36080890962003,335.28036360869964,461.05224710347454,,
onwind,40.96752877949853,42.72041537132063,47.210122826175244,47.429235194962075,43.972817500099175,20.863124087998997,27.394629034530766,40.96751684426723,36.923757285040715,38.0387417972482,38.57484354682589,38.114242520952445,38.233461398935056,42.89090782464292,41.481323781129674,43.8190750926449,47.25679396048324,47.501496780986024,44.05681404830004,21.14023446316898,29.07699939915414,41.48137916037317,41.418115743902,40.1182923259503,39.69624283430112,38.62888787301103,38.09534454826713,42.92630660579734,41.47220273308213,43.83482561028484,47.2612635999551,47.49266217498687,44.06767576260535,21.136698351036532,29.077671646098743,41.47215583809565,41.671497240639155,40.3865886676157,39.46984152515798,38.59659141785603,38.089353536756306,42.853665859849485,41.461015416878595,43.859577064291244,47.26376422662264,47.4732813897957,44.057727981331574,21.130545537950763,29.084480549357156,41.46119365503112,41.8691600496696,40.484029127934086,39.47319641690089,38.542084087549284,38.085511796071145,42.8556273101996,42.61622099328376,43.69984190756834,47.272986421353465,47.46289126310433,44.09736870801117,21.13930189024144,30.141371037208504,42.6162351517528,41.79575047850017,40.59564835449817,39.595016881899234,38.56649393417762,38.088480227108064,42.79617511301146,44.949018647255585,43.77565965206774,47.290090496191276,47.46520719106264,44.135758069743446,21.299393978817953,30.64622621136976,44.949080346252046,43.16725465765924,40.737899925431414,39.64106117718274,38.40294822298836,37.96584846023736,42.78114051807812,46.64079977499693,43.3685665698975,47.25143898713826,47.457772779251854,44.074457296301404,21.31326951632899,31.25646188853288,46.640674026193444,43.36850936688339,40.74552102363791,39.69205625149937,38.264654461849084,37.9360464221143,42.79091592890884
residential rural ground heat pump,46.04150868148593,49.40148935946256,64.51049894875774,61.804073021104124,,,,46.04125558037479,39.63233237716915,44.679743418998065,46.756280257565365,,,,46.97881604729352,53.6770046954688,65.43252866972115,62.30593662242193,,,,46.974700091924035,49.23322286821691,50.23812467267256,50.141202616976024,,,,46.93132520418324,53.611140181122224,65.51025037930542,62.33795252130336,,,,46.93142206742377,48.74827113544747,50.273043594871936,49.943932374101486,,,,46.88412851622844,53.789829980637,65.58635112872754,62.354060560695686,,,,46.873569370772756,48.99582624729338,50.245612191273636,49.945168016080046,,,,49.41052123880143,52.68767040697384,65.54068530860808,62.28622124869886,,,,49.40276679789996,48.6288075639292,50.19777234463479,49.91727380842605,,,,54.35615549629646,53.80026485001449,65.6157396146588,62.35920761371697,,,,54.3510427406882,52.96300520052242,51.593666470350676,50.801200935802875,,,,56.76784243354558,54.21043343727361,65.68486244425559,62.333111045296825,,,,56.7676013312969,54.21329004385505,51.84365440353967,50.94578242971617,,,
residential rural resistive heater,45.58689112811162,45.11910054199789,61.36974461242939,60.36899211597336,,,,45.59212561285587,47.467113995310555,54.72343535371752,51.577725978458254,,,,45.17532556970015,39.33015895223251,64.97657328858197,63.08406808460757,,,,45.175921622764434,45.127465433884595,51.055872398611854,54.025293552863154,,,,45.19250183551585,39.423871432576064,65.27947607341274,63.147361213883094,,,,45.19580404889057,44.821359624675715,52.34181966596699,55.00248117129834,,,,45.30750138257353,39.82728548531107,65.25108233977937,63.14599528792832,,,,45.30636816394712,47.87550918591242,53.20624949381017,54.708478450030576,,,,38.51360469111929,39.10582553780517,64.94946353218735,62.95177193369334,,,,38.51667455163865,44.34626773263829,53.04290166614738,54.50611118769006,,,,37.35784364995821,39.34635421467072,65.12360302120045,62.96607927526062,,,,37.37793505299675,40.816532278287866,51.479237053936885,54.35532897393769,,,,38.41957337192303,41.13061008511014,65.14259478403773,63.00656863862244,,,,38.409786994968655,41.131856884265616,48.536312129502996,52.65468907010661,,,
residential urban decentral air heat pump,47.986158871995215,62.623999143589444,100.52562070676882,85.53710973559284,,,,47.98679154775503,43.465604909113615,54.25367063201048,57.03260600966013,,,,62.09176480058636,72.32852071322188,100.79967971522467,84.93548719326942,,,,62.091577268777314,66.80571637744133,68.94931373500951,60.60791944251328,,,,62.07764711877767,72.67722649887368,100.791530801807,84.91416391237571,,,,62.07763698327678,66.88485738635491,71.52449349478901,63.65972317983634,,,,62.0720790699196,73.06007870322006,100.76030757016919,84.89989307573424,,,,62.07223589473462,66.90892892507382,72.1545136723383,63.83322235047536,,,,63.190017711893205,73.01548317906595,100.7926013402517,84.84788906650931,,,,63.18999123239971,66.49236068121952,72.01081352140295,63.84414055220284,,,,74.57468465869388,72.89851998419462,100.75330600052088,84.86197243660139,,,,74.57200254320043,71.74846828962559,72.22848956314603,63.745644125009825,,,,79.56951797037603,72.55182045192228,100.78070694595165,84.92177619525897,,,,79.57023899220148,72.55171845794513,71.82901089157772,63.455209092771746,,,
residential urban decentral resistive heater,50.64042995759938,40.35361867801728,62.86812866611113,59.10714214159439,,,,50.6350299361164,65.61397248099128,56.04855771941787,50.533515656867635,,,,60.29571360075817,35.047953909535224,64.64382292099928,60.33579951933701,,,,60.322008394921056,57.330510394628995,47.86643706061418,49.50566961175369,,,,61.33967508193854,34.935801193405105,64.76476922116814,60.275800873775026,,,,61.3350054709039,48.72168757972905,47.63019566894088,50.17550040811159,,,,62.735058689896114,35.11433272152574,65.070089426855,60.437499836376084,,,,62.73944301148132,53.526608583908825,49.77838545551088,49.433286785112436,,,,120.89454501772146,34.771560455245144,64.74360741773678,60.480260906968155,,,,121.14282254146183,57.1205094998351,46.542926188043474,49.01310833913552,,,,50.18913769470624,34.402550682674956,64.30387837971901,60.77562620785862,,,,50.2156728550419,36.44900454887401,44.50142224042259,48.62490763749253,,,,44.36712373545873,34.769702658694634,65.19492180305173,60.41064883759901,,,,44.34366630105761,34.77059686905005,42.054186907431806,48.39231641188617,,,
ror,46.316923287955746,54.779057211335804,65.77348436614008,63.132957018961854,56.55636006535235,32.69695173117284,38.10091452877304,46.316873361017464,41.795259659146744,46.40806396568006,49.7097229628936,50.76829279150648,51.29427725215682,54.85422336437797,49.753850723043584,58.37825830757339,66.42998330696463,63.47595057394046,56.788089686194645,33.33692364417222,39.262184972638984,49.753849161477525,52.74466294680661,53.19877492169121,52.64317965706278,52.24957586727255,51.43948939225036,54.86375604897642,49.72163423095407,58.432915676976336,66.43197538512756,63.48158690159523,56.792557236882324,33.327882088087534,39.26077280111609,49.72153923658237,52.58760832170964,53.947052221000604,53.2404204937634,52.314734751743806,51.23133666209585,54.87638403444149,49.68144926036147,58.488647000527834,66.44344849109618,63.48807209801085,56.7988328284915,33.32367026504947,39.27919057027042,49.681583463722006,52.84683011745009,54.1254875745695,53.31627752506073,52.21341655620277,51.2333172348053,54.89194040529326,52.32055729120004,58.30038805860854,66.44464095564341,63.45888753854483,56.86850375025968,33.36426359853638,40.960796797814695,52.32052887939429,53.4021342467509,54.31929469835367,53.494979771776606,52.191584952964746,51.22255352074528,54.88270067835262,58.52773575642438,58.51224853635186,66.47055474249255,63.450775892886625,56.931955606770565,33.80458025167185,41.7890242761433,58.52747404128871,56.96498599216305,54.86292113462194,53.59047156822815,51.556234897618346,50.759537540030784,54.91916826646666,62.1786041485428,58.452480521999924,66.5210931267224,63.457088199701374,56.902726598678946,33.70423164748816,43.045452874901954,62.178742673461265,58.45244593864462,55.35257865982906,53.810343119941074,51.493411043086745,50.44379451130208,54.96054589566631
services rural ground heat pump,45.86241285808073,48.4972418961967,63.8919528837228,61.09196637627357,,,,45.86213131932149,39.768294271524795,43.82866327794417,46.04799370724495,,,,46.3300877868446,52.44334091432003,64.70522137350297,61.60686667576736,,,,46.31495384946687,48.62131799732738,49.058393995266066,49.36878017438837,,,,46.271528392598604,52.55374917853381,64.88204773509167,61.6551637076537,,,,46.2681089437191,48.15548150360674,49.04020346700964,49.1917162215236,,,,46.212219741731325,52.54348753612528,64.93507056645407,61.663018745215346,,,,46.183653320018934,48.31977699385732,48.96647455404712,49.1921520561771,,,,48.60003605032887,51.38916746763752,64.86583549013773,61.586309213273644,,,,48.5969930215849,47.688631905665346,48.92703206767677,49.2071174473004,,,,53.210057993948986,52.83100146072833,64.94881036290532,61.64091096104988,,,,53.1970481749265,51.75605777612365,50.24207644434817,49.9823487393185,,,,55.52828480008761,52.81296717228949,65.05438335269201,61.61664357587427,,,,55.52437058299834,52.811889203872106,50.4588675556094,50.14262895263592,,,
services rural resistive heater,45.739187299827485,45.43762959471342,62.99553461659961,62.055482647781446,,,,45.72842575096813,45.47165028817926,51.38068217604274,50.89342943504232,,,,45.415145932012145,41.0976015038381,66.18819281822846,63.679953309461204,,,,45.42109893732869,46.13283826872532,52.40479253604688,54.07075639895638,,,,45.298430596837676,40.72266272228462,65.51836881753782,63.694803219817686,,,,45.29175146410174,45.6816583379118,53.09492252478958,54.9957234693298,,,,45.19922464991699,41.4363827143532,65.43462430052519,63.75739004668163,,,,45.226031866333294,49.75206411645291,55.12851544543133,55.007571883071705,,,,38.787155719136386,40.24331764392621,65.58296854236973,63.61108788489408,,,,38.81513938417796,44.349480055806964,53.00238055785252,53.89151500588276,,,,38.86034307727107,40.414526683923576,66.28000650464894,63.64947408690408,,,,38.89718577146143,42.139923541460256,51.79296569826889,53.721028416733645,,,,39.26060478135029,42.065471162559525,66.15682071159618,63.70439951992817,,,,39.266623778022435,42.066727913985694,50.84304968542214,53.41229617036303,,,
services urban decentral air heat pump,47.725165760405055,61.997319467715755,96.91107523880535,83.53720359380273,,,,47.72323677973473,43.392059441431655,52.89383132168573,56.003505211866354,,,,61.507738787031954,71.20707735778035,97.12728426740803,83.09778709063316,,,,61.507515654572224,65.9672866765961,66.54330072299261,59.32738082747334,,,,61.49350085035501,71.51765790365707,97.12701788481007,83.16000748125911,,,,61.49366333576868,66.04563313881884,69.0403033688574,62.11907210349829,,,,61.487658828592934,71.79131083209403,97.17226146232548,83.1483516818402,,,,61.487721619464395,66.07497244723733,69.74698884570775,62.2959636305658,,,,62.64878551911905,71.71515498819348,97.16677904625153,83.13926323416906,,,,62.64877987632228,65.68520281476675,69.57878561954605,62.2600357635723,,,,73.37387665950382,71.71071610880531,97.05787411801052,83.15113534762627,,,,73.37991527128574,70.67950537395245,70.05959683340139,62.21715366069529,,,,78.14365356666269,71.29813858281125,97.21742064025527,83.27272502823097,,,,78.14266410487168,71.29878562527865,69.1444875705328,61.884013064308796,,,
services urban decentral resistive heater,51.003108806038654,40.01666017751677,61.92704444041771,56.13684214696018,,,,50.979189911096285,51.2031658525086,49.91095299093583,48.857838267339574,,,,54.73224890306495,37.72090959484277,61.3891094209089,55.72225250373012,,,,54.900362303245686,46.52917606904068,46.529810497551054,49.484784803335174,,,,55.028881564619866,37.174723590225625,61.4596910643552,55.67120521714655,,,,55.10445554832311,46.20580854975789,45.59236629414086,49.0742489523167,,,,55.28476898721902,37.59484697412037,61.32914044717885,55.71775203353801,,,,55.53993486388879,44.333842376829885,46.63444012554444,49.40254993135007,,,,99.42314321390745,35.819100431190705,61.24636285287061,55.63318724565074,,,,102.87827457424568,44.55714541565585,46.50739079601712,48.796460901156024,,,,47.22089930965264,34.09947108702967,62.583774509061406,55.887621418884855,,,,47.52381256330938,35.22689050038765,45.34669875128922,49.32529786196549,,,,41.43095849022674,34.448960077861926,61.229119676292974,55.63835344086002,,,,41.39353494831823,34.44703566415596,44.13761054718785,48.35476429096106,,,
solar,44.785803482325214,46.03677299672075,44.98982718054895,42.41862737173424,39.79311398530253,19.97264542233519,24.69985158641104,44.78584345007196,41.11449668535862,38.46993152547508,39.278128211392946,40.04757621350174,39.558132419224435,37.665378815774005,48.21109651047761,46.77797096515897,45.131952896319575,42.509372241403256,39.85922394589519,20.174037459181026,26.20356971438408,48.21096814892461,43.6888288921291,40.894215846021496,40.414283752695376,40.71763205137039,39.78648076621582,37.72633936567886,48.1975854574237,46.783570039727884,45.13361907919508,42.50723143002103,39.86700531688283,20.16693621231744,26.204086815604263,48.197540259592344,43.857800142111415,41.42862605518677,40.30125264222829,40.64282056307336,39.63074038070309,37.68891605214106,48.18701871711881,46.786505840951584,45.13474077981981,42.50559928072926,39.868321860474055,20.165119361459638,26.206722720276705,48.18671332584623,43.90804805205443,41.52561122974827,40.2956077271319,40.53249951733085,39.62837156982281,37.68705366437093,48.30642392199015,46.72920788578266,45.14454262573926,42.501182538053186,39.89899741351943,20.180595693546813,26.853226622406417,48.30618901671096,44.03176442803526,41.57600490233601,40.34705050523849,40.53289810322086,39.57117316741662,37.70228892559623,49.46661733556836,46.46170792092701,45.08927518502031,42.46519699028069,39.87552475999972,20.253348164406454,27.529291142661204,49.46692974567281,45.47630833171212,42.11098246901533,41.087408228839685,40.30166735268842,39.367472523884544,37.71353225657222,51.62864336305409,47.03046246993725,45.08179670216963,42.47074774207245,39.839071384022006,20.23240435003864,28.076591187839607,51.62898991174535,47.03031000112743,43.13061161528209,42.0123309347077,40.55460545394721,39.30897248839423,37.76712136809011
urban central air heat pump,45.53832230989327,46.83090395540357,62.00366079741023,58.67223734478424,,,,45.538251081643836,39.46147706693029,41.34879446554931,42.559157983307436,,,,46.58560223575277,49.47135470445881,62.32004442446444,58.733333263019155,,,,46.585547045158194,47.409016172959305,44.75694295679706,44.32031053669728,,,,46.5182291371997,49.42052604514643,62.33823599801513,58.75955002219646,,,,46.51805601218202,47.123648929374454,44.67506213168327,43.96248032683922,,,,46.42413142214852,49.37616813725747,62.34518462940279,58.734458870802065,,,,46.42425855335814,47.29216060848795,44.70326361573425,43.935361660163956,,,,48.78693746871871,48.601366527291695,62.353763443350466,58.70468764915244,,,,48.786770899347836,47.65673984429431,44.86514092541385,44.01602989156108,,,,51.69895464564099,49.385774804635844,62.44736154378175,58.7031767192562,,,,51.69883853710088,48.72057452690686,44.47058165645658,43.19406476828167,,,,52.74923463955018,48.33316913758147,62.49967923422423,58.747535234663005,,,,52.74919313489348,48.3330929353706,43.78391252118971,42.72431093307779,,,
urban central gas CHP,47.0617658669307,76.22554302665873,213.02109910965817,228.44903338663815,223.97669911777172,221.41938832407504,196.6767103764591,47.07511719386539,45.29304085301441,56.185645706490746,64.45546490401668,76.39079518227028,95.68493470458384,206.15232620389568,58.20004172586532,102.79350544525924,250.18927099322846,248.39323116100704,230.63476929167933,225.03202239420625,207.8667000780492,57.93464656191153,71.08839749698065,86.83559283802373,85.6809041193071,84.49999827049537,94.7314346252967,207.61274731395872,57.604089459882175,102.7522719271106,250.4221519830245,248.9010453646928,230.91458935628296,225.23932551763588,207.9397474919673,58.05487992064373,72.79041640135912,89.97582646773583,86.82454891397757,84.20267369000373,93.24317962141444,204.7964682581979,57.62827231345817,102.9423472159494,250.30499205934012,249.54875249783808,231.05672288291674,225.53748963297423,208.01172173545643,57.40481148285276,71.74033769767297,91.4756494070974,87.34425068311032,84.12296871961051,93.28836625650614,204.880205583183,57.35904119835114,102.88258947111444,252.13408014328616,250.31338706695826,231.32453464613457,225.9906418606842,204.0113123879361,57.5393427251039,71.35281038001479,90.80171178915546,87.36947027352306,84.62442460578241,93.14384503407234,204.750292825818,74.06460823584084,102.91735344531092,253.38359678986612,254.19577702855312,233.53232599432505,229.37891524300898,199.6116307728119,73.56196071134892,107.43837110357029,89.81525798565374,86.95471819885138,84.82760138215842,93.63872411705003,209.71128911784155,107.56309658809313,98.36520295548921,252.95926878541732,254.990238714175,235.30734932535634,231.1261309096854,198.9623866066177,107.56439093472571,98.36837612616893,90.87854920035957,86.50576723469669,86.9768158884271,93.80620731881375,209.14812937269858
urban central gas CHP CC,46.57552415060619,68.55667156413158,110.77030807544953,108.07787835038783,95.50555502873732,91.92493098905211,91.86337854626451,46.58225518467123,43.625331401006946,51.25216282813802,58.05893964342397,64.59026704763882,69.17212524485743,106.33260125563675,53.994031725341955,72.37901483897357,119.20700422116481,117.06618829822516,96.46400826641788,88.49370515742903,91.35286908138924,53.927441408610726,62.962540114113864,67.92082639948406,67.23598578718573,68.40523083658215,72.19330413303227,108.38277850381503,53.704726903662475,72.29164071754788,115.42371514012139,115.18844012477308,95.79099209217104,92.2452068425191,87.1377926988552,53.90166766293903,63.43159099915714,71.44078722410876,67.18483011692776,66.93761435989634,70.26090976273359,110.74253490809978,53.74456081896571,72.90906194021709,120.2458913499698,119.39827442138184,100.26932253287741,89.17154781683651,93.02268718382552,53.71630177214683,63.19941660878394,70.4897920806028,67.90036503439995,67.23038412067795,70.36840305040405,109.29917428832367,54.915749250620415,72.53986109866342,122.44062455358952,113.88040081819719,98.2641201155112,91.8142442806577,94.67521711841371,55.21770132049187,62.99744435970952,71.04145462892892,69.81499976589866,66.64237859451129,70.44983415522287,109.95260286463305,66.9550015388368,72.07075418704098,118.71647172850783,112.9623130157175,98.48547732705407,88.41054689124948,99.54444868579309,66.80627012824067,69.61703367287161,70.95681315275561,70.11002889632572,66.5903536248946,68.07332068387049,107.28012683053949,75.04450295344579,74.0166570431278,119.04807524083907,114.92047708815407,97.5073606504868,89.01808436580319,100.89871048970141,75.22528664627671,74.21585408299512,72.55847404943617,68.89581654319387,66.30964580143848,67.92822536750052,110.29541114019833
urban central resistive heater,27.32514315602194,26.56176260957331,60.92177003139234,57.21995369665459,,,,27.325226280648934,24.80249585007171,20.282970720801192,19.59793059593218,,,,28.60229227364294,30.174034675955188,61.62093971790921,57.26616855110485,,,,28.60527769952526,31.21436776308837,27.357917634663814,24.004239040295072,,,,28.264222940074397,30.198864773408257,61.604349770452245,57.233900483781895,,,,28.26463643671072,31.50423050619163,27.919010209849546,25.633336065480485,,,,28.207279778928047,30.214112621949177,61.673258491904484,57.225927005944115,,,,28.20619588522769,28.901165386055077,27.347622739931257,25.56129851786732,,,,28.82461241785968,31.501808455955725,61.81423285281365,57.315106954318324,,,,28.825452830039737,28.97968783545847,27.07352570790815,25.2057871519644,,,,31.94448603898737,31.11650347651737,61.75578070213074,57.32790180487094,,,,31.944380297981155,31.612411499832884,27.4859909737167,25.264691483516565,,,,33.624070567189946,31.45902233029787,61.75238497691031,57.31617448668197,,,,33.625821985973616,31.45885795854983,27.083353132078795,25.012227106441607,,,
urban central solid biomass CHP,46.503559023928624,64.40637014132349,119.17674426402954,122.86111872160967,114.33090448972862,90.16633579443847,91.25836737379382,46.48861188507743,43.12240131042604,50.98006158291049,55.57197580671484,59.70010184832439,64.99124854483625,118.65500575934807,60.25622873795137,64.56619141880779,124.28543000887916,124.38901174642756,115.72036302734298,90.62232198939107,97.34040049745991,60.255128892112374,59.12997914976029,61.26611448825958,61.23076024294081,63.17651875499072,64.32374091350265,115.72142731061493,60.084804794313584,64.65529459890881,124.48502830514896,124.55107923183631,115.76054726652903,90.65716888229467,97.38206514147785,60.08491807395773,59.62444321038918,61.66492545632472,60.59234830578674,62.540348217870374,63.27584215063299,114.49856587917577,59.82312960447042,64.77230268932595,124.76383136108383,124.86135081779553,115.92396485143593,90.73653733361606,97.47891839268583,59.825053501877235,59.64394062547504,61.798844120036044,60.552369566521506,62.19522510510403,63.0646000939212,114.10884830569027,58.196984299321024,64.79362433905652,125.12808882549166,124.99775871942767,116.09854407443899,91.08595707901044,100.92825444513504,58.19672963879022,59.63336398474458,62.06715134617622,60.9898568219507,62.205802366520395,62.954857191406255,114.01284457392272,61.75765111660205,64.4052918352908,127.50691334198231,126.64683527000122,117.22758125925334,92.11930746364597,98.78277423966779,61.76042096613094,62.39921384200661,62.10393887089612,60.99291459840095,60.52573955805622,61.4449451534195,119.73548867722317,68.85799486351418,66.90338065985264,128.7135688968121,126.81546890391542,117.59829343461608,92.64552665245564,100.63275055162579,68.85815871432747,66.90339130456229,64.5794586957142,62.96799924938666,60.96160226859529,61.3274170712977,101.38406144261835
urban central solid biomass CHP CC,46.317712059874935,63.0529156345181,96.82607832642094,93.53996991082333,83.665028062136,62.524705909549034,72.23776362671597,46.29791127321005,42.771864117016364,50.31453256799862,54.49697642207661,57.99264807166031,59.43809228075568,93.32197773463439,52.4955156446325,64.28771216891585,104.95715905348057,99.46769613123837,86.89715131928789,67.14132303307797,74.50383681325964,52.45955875933054,58.22191161680735,61.04435216650513,60.737524313017296,59.96505279576709,60.66960229412714,93.73871625189213,52.33901125358788,64.75926483455771,105.05195138635641,99.58338025680213,86.91821497071186,67.14249727978284,74.53409464608231,52.44895856357073,58.28771335121598,61.23455757219511,60.163396899510595,59.36740609830547,59.8412038241697,93.75947903337001,52.237546702896815,64.64521918319888,105.20492256276357,99.68940315273781,86.94981002845947,67.15002738936406,74.64408148465095,52.42051144888312,58.73850824914166,61.283388579744475,60.945631037090195,59.79579526425575,59.566791198020375,93.88170875387381,53.92716391279324,65.00810216645432,105.35158452485345,99.74277067712057,87.14392399163994,67.34332595775788,79.61148727998643,54.02897228702093,58.67146232500156,61.664117130936276,60.88704927337727,59.76466356123733,59.482257623069536,93.87581213520095,63.230268368273386,64.87253610008631,105.39209231864002,99.77390892850438,87.49300247997029,68.21413260235529,79.73227160984588,63.02895691115953,63.03935492157666,62.41142876650409,60.36753373329105,58.695540899394096,57.232909756068246,93.49563962905296,69.12982455360682,66.32418509028031,105.31741972416482,99.35139882274076,87.36678854606211,67.61406794028896,82.55308573737823,69.19407165246038,66.16096145210321,63.22533287440833,61.02753873488109,58.59133102237693,57.43480780997785,93.66246058421481
